<?xml version="1.0" encoding="utf-8"?>
<odoo>
    <data noupdate='1'>
		<record id="ir_seq_hr_overtime" model="ir.sequence">
			<field name="name">Hr Overtime</field>
			<field name="code">hr.overtime</field>
			<field name="prefix">HRO/%(range_year)s/</field>
			<field name="padding">4</field>
			<field name="number_increment">1</field>
			<field name="number_next_actual">1</field>
			<field name="implementation">standard</field>
			<field name="padding">4</field>
		</record>
		
	</data>
</odoo>

