<?xml version="1.0" encoding="utf-8"?>
<odoo>

    <record id="module_category_hr_appraisal" model="ir.module.category">
        <field name="name">HR Appraisal</field>
        <field name="sequence">45</field>
    </record>

    <record id="group_hr_appraisal_config_read_only" model="res.groups">
        <field name="name">HR Appraisal Configuration Read Only</field>
        <field name="category_id" ref="module_category_hr_appraisal"/>
    </record>

    <record id="group_hr_appraisal_config" model="res.groups">
        <field name="name">HR Appraisal Configuration</field>
        <field name="category_id" ref="module_category_hr_appraisal"/>
        <field name="implied_ids" eval="[(4, ref('group_hr_appraisal_config_read_only'))]"/>
    </record>

    <record id="group_hr_appraisal_plan_read_only" model="res.groups">
        <field name="name">HR Appraisal Plan Read Only</field>
        <field name="category_id" ref="module_category_hr_appraisal"/>
    </record>

    <record id="group_hr_appraisal_plan" model="res.groups">
        <field name="name">HR Appraisal Plan</field>
        <field name="category_id" ref="module_category_hr_appraisal"/>
        <field name="implied_ids" eval="[(4, ref('group_hr_appraisal_plan_read_only'))]"/>
    </record>

    <record id="group_hr__plan_inprogress" model="res.groups">
        <field name="name">HR Appraisal Plan Inprogress</field>
        <field name="category_id" ref="module_category_hr_appraisal"/>
        <field name="implied_ids" eval="[(4, ref('group_hr_appraisal_plan_read_only'))]"/>
    </record>

    <record id="group_hr__plan_done" model="res.groups">
        <field name="name">HR Appraisal Plan Done</field>
        <field name="category_id" ref="module_category_hr_appraisal"/>
        <field name="implied_ids" eval="[(4, ref('group_hr_appraisal_plan_read_only'))]"/>
    </record>

    <record id="group_hr_employee_appraisal_read_only" model="res.groups">
        <field name="name">HR Employee Appraisal Read Only</field>
        <field name="category_id" ref="module_category_hr_appraisal"/>
    </record>

    <record id="group_hr_employee_appraisal_create_and_edit" model="res.groups">
        <field name="name">HR Employee Appraisal Create and Edit</field>
        <field name="category_id" ref="module_category_hr_appraisal"/>
        <field name="implied_ids" eval="[(4, ref('group_hr_employee_appraisal_read_only'))]"/>
    </record>

    <record id="group_hr_employee_appraisal_delete" model="res.groups">
        <field name="name">HR Employee Delete Appraisal</field>
        <field name="category_id" ref="module_category_hr_appraisal"/>
        <field name="implied_ids" eval="[(4, ref('group_hr_employee_appraisal_read_only'))]"/>
    </record>

 <record id="group_hr_employee_start_appraisal" model="res.groups">
        <field name="name">HR Employee Start Appraisal</field>
        <field name="category_id" ref="module_category_hr_appraisal"/>
        <field name="implied_ids" eval="[(4, ref('group_hr_employee_appraisal_read_only'))]"/>
    </record>

     <record id="group_hr_employee_done_appraisal" model="res.groups">
        <field name="name">HR Employee Done Appraisal</field>
        <field name="category_id" ref="module_category_hr_appraisal"/>
        <field name="implied_ids" eval="[(4, ref('group_hr_employee_appraisal_read_only'))]"/>
    </record>


    <record id="group_hr_employee_end_appraisal" model="res.groups">
        <field name="name">HR Employee End Appraisal</field>
        <field name="category_id" ref="module_category_hr_appraisal"/>
        <field name="implied_ids" eval="[(4, ref('group_hr_employee_appraisal_read_only'))]"/>
    </record>

    <!-- Multi - Company Rules -->

    <record model="ir.rule" id="hr_appraisal_comp_rule">
        <field name="name">Appraisal multi-company</field>
        <field name="model_id" ref="model_hr_appraisal"/>
        <field name="global" eval="True"/>
        <field name="domain_force">['|',('company_id','=',False),('company_id','child_of',[user.company_id.id])]</field>
    </record>

    <record model="ir.rule" id="hr_appraisal_comp_rule">
        <field name="name">Appraisal multi-company</field>
        <field name="model_id" ref="model_hr_appraisal_plan"/>
        <field name="global" eval="True"/>
        <field name="domain_force">['|',('company_id','=',False),('company_id','child_of',[user.company_id.id])]</field>
    </record>

</odoo>
