id,name,model_id:id,group_id:id,perm_read,perm_write,perm_create,perm_unlink
access_hr_appraisal_type_configuration_read_only,Access.hr.appraisal.type.configuration.read.only,model_hr_appraisal_type,group_hr_appraisal_config_read_only,1,0,0,0
access_hr_appraisal_standard_configuration_read_only,Access.hr.appraisal.standard.configuration.read.only,model_hr_appraisal_standard,group_hr_appraisal_config_read_only,1,0,0,0
access_hr_appraisal_type_standard_configuration_read_only,Access.hr.appraisal.type.standard.configuration.read.only,model_hr_appraisal_type_standard,group_hr_appraisal_config_read_only,1,0,0,0
,,,,,,,
access_hr_appraisal_type_configuration,Access.hr.appraisal.type.configuration,model_hr_appraisal_type,group_hr_appraisal_config,1,1,1,1
access_hr_appraisal_standard_configuration_read_only,Access.hr.appraisal.standard.configuration.read.only,model_hr_appraisal_standard,group_hr_appraisal_config,1,1,1,1
access_hr_appraisal_type_standard_configuration_read_only,Access.hr.appraisal.type.standard.configuration.read.only,model_hr_appraisal_type_standard,group_hr_appraisal_config,1,1,1,1
,,,,,,,
access_hr_appraisal_plan_read_only,Access.hr.appraisal.plan.read.only,model_hr_appraisal_plan,group_hr_appraisal_plan_read_only,1,0,0,0
access_hr_appraisal_periodic_read_only,Access.hr.appraisal.periodic.read.only,model_hr_appraisal_periodic,group_hr_appraisal_plan_read_only,1,0,0,0
access_hr_appraisal_type_read_only,Access.hr.appraisal.type.read.only,model_hr_appraisal_type,group_hr_appraisal_plan_read_only,1,0,0,0
,,,,,,,
access_hr_appraisal_plan,Access.hr.appraisal.plan,model_hr_appraisal_plan,group_hr_appraisal_plan,1,1,1,1
access_hr_appraisal_periodic,Access.hr.appraisal.periodic,model_hr_appraisal_periodic,group_hr_appraisal_plan,1,1,1,1
access_hr_appraisal_type,Access.hr.appraisal.type,model_hr_appraisal_type,group_hr_appraisal_plan,1,1,1,1
access_hr_appraisal_plan_inprogress,Access.hr.plan.inprogress,model_hr_appraisal_plan,group_hr__plan_inprogress,1,1,0,0
access_hr_appraisal_plan_done,Access.hr.plan.done,model_hr_appraisal_plan,group_hr__plan_done,1,1,0,0


,,,,,,,
access_hr_appraisal_read_only,Access.hr.appraisal.read.only,model_hr_appraisal,group_hr_employee_appraisal_read_only,1,0,0,0
access_hr_appraisal_model_line_read_only,hr.appraisal.model.line.read.only,model_hr_appraisal_model_line,group_hr_employee_appraisal_read_only,1,0,0,0

,,,,,,,

access_hr_appraisal_create_edit,Access.hr.appraisal.create.edit,model_hr_appraisal,group_hr_employee_appraisal_create_and_edit,1,1,1,0
access_hr_appraisal_delete,Access.hr.appraisal.delete,model_hr_appraisal,group_hr_employee_appraisal_delete,1,0,0,1
access_hr_start_appraisal,Access.hr.start.appraisal,model_hr_appraisal,group_hr_employee_start_appraisal,1,1,0,0
access_hr_done_appraisal,Access.hr.done.appraisal,model_hr_appraisal,group_hr_employee_done_appraisal,1,1,0,0
access_hr_end_appraisal,Access.hr.end.appraisal,model_hr_appraisal,group_hr_employee_end_appraisal,1,1,0,0
,,,,,,,
access_hr_appraisal_model_line_create_edit,hr.appraisal.model.line.create.edit,model_hr_appraisal_model_line,group_hr_employee_appraisal_create_and_edit,1,1,1,0
access_hr_appraisal_model_line_delete,hr.appraisal.model.line.delete,model_hr_appraisal_model_line,group_hr_employee_appraisal_delete,1,0,0,1
