<?xml version="1.0" encoding="utf-8"?>
<odoo>
    <data noupdate="0">

        <record model="ir.module.category" id="category_hr_violation_punishment">
            <field name="name">Violation and Punishment</field>
            <field name="sequence">10</field>
        </record>

        <record id="group_violation_punishment_config" model="res.groups">
            <field name="name">Violation and Punishment - Configration</field>
        <field name="category_id" ref="category_hr_violation_punishment"/>
            <field name="implied_ids" eval="[(4, ref('base.group_user'))]"/>
        </record>

        <record id="group_violation_punishment_readonly" model="res.groups">
            <field name="name">Violation and Punishment - Readonly</field>
        <field name="category_id" ref="category_hr_violation_punishment"/>
                        <field name="implied_ids" eval="[(4, ref('base.group_user'))]"/>
        </record>

        <record id="group_violation_punishment_report" model="res.groups">
            <field name="name">Violation and Punishment - Reports</field>
        <field name="category_id" ref="category_hr_violation_punishment"/>
            <field name="implied_ids" eval="[(4, ref('hr_violation_punishment.group_violation_punishment_readonly'))]"/>
        </record>

        <record id="group_violation_punishment_delete" model="res.groups">
            <field name="name">Violation and Punishment - Delete</field>
        <field name="category_id" ref="category_hr_violation_punishment"/>
            <field name="implied_ids" eval="[(4, ref('hr_violation_punishment.group_violation_punishment_readonly'))]"/>
        </record>

        <record id="group_violation_punishment_confirm" model="res.groups">
            <field name="name">Violation and Punishment - Confirm</field>
        <field name="category_id" ref="category_hr_violation_punishment"/>
            <field name="implied_ids" eval="[(4, ref('hr_violation_punishment.group_violation_punishment_readonly'))]"/>
        </record>

        <record id="group_violation_punishment_done" model="res.groups">
            <field name="name">Violation and Punishment - Implement</field>
        <field name="category_id" ref="category_hr_violation_punishment"/>
            <field name="implied_ids" eval="[(4, ref('hr_violation_punishment.group_violation_punishment_readonly'))]"/>
        </record>

       <record id="hr_employee_violation_all_rule" model="ir.rule">
        <field name="name">All Violations</field>
        <field name="model_id" ref="model_hr_employee_violation"/>

        <field name="domain_force">[(1, '=', 1)]</field>
            <field name="groups" eval="[(4, ref('hr_violation_punishment.group_violation_punishment_readonly'))]"/>
    </record>

    <record id="hr_employee_violation_emp_rule" model="ir.rule">
        <field name="name">Employee Violations</field>
        <field name="model_id" ref="model_hr_employee_violation"/>
        <field name="domain_force">['|', ('employee_id.user_id', '=', user.id), '&amp;', ('employee_id.parent_id', '!=', False), ('employee_id.parent_id','child_of',[user.employee_id.id])]</field>
        <field name="perm_create" eval="False"/>
        <field name="perm_write" eval="False"/>
        <field name="perm_unlink" eval="False"/>
        <field name="groups" eval="[(4,ref('base.group_user'))]"/>
    </record>

        <record id="hr_employee_violation_multicompany" model="ir.rule">
        <field name="name">Employee Violation: multi company global rule</field>
        <field name="model_id" ref="model_hr_employee_violation"/>
        <field name="domain_force">['|', ('employee_company_id', '=', False), ('employee_company_id', 'in', company_ids)]</field>

    </record>
    </data>
</odoo>

