id,name,model_id:id,group_id:id,perm_read,perm_write,perm_create,perm_unlink
access_hr_violation_configuration,access.hr.violation.configuration,model_hr_violation,group_violation_punishment_config,1,1,1,1
access_hr_punishment_configuration,access.hr.punishment.configuration,model_hr_punishment,group_violation_punishment_config,1,1,1,1
access_hr_violation_clasification_configuration,access.hr.violation.clasification.configuration,model_hr_violation_clasification,group_violation_punishment_config,1,1,1,1
access_hr_violation_punishment_configuration,access.violation.punishment,model_hr_violation_punishment,group_violation_punishment_config,1,1,1,1
,,,,,,,
access_hr_violation_configuration_read_only,access.hr.violation.configuration.read.only,model_hr_violation,group_violation_punishment_readonly,1,0,0,0
access_hr_punishment_configuration_read_only,access.hr.punishment.configuration.read.omly,model_hr_punishment,group_violation_punishment_readonly,1,0,0,0
access_hr_violation_clasification_configuration_read_only,access.hr.violation.clasification.configuration.read.only,model_hr_violation_clasification,group_violation_punishment_readonly,1,0,0,0
,,,,,,,
access_hr_violation_punishment_readonly,access.hr.employee.violation.readonly,model_hr_employee_violation,group_violation_punishment_readonly,1,0,0,0
access_hr_violation_punishment_delete,Access.hr.employee.violation.delete,model_hr_employee_violation,group_violation_punishment_delete,1,0,0,1
access_hr_violation_punishment_confirm,Access.hr.employee.violation.confirm,model_hr_employee_violation,group_violation_punishment_confirm,1,1,1,0
access_hr_violation_punishment_done,Access.hr.employee.violation.done,model_hr_employee_violation,group_violation_punishment_done,1,1,1,0
,,,,,,,
access_hr_contract_confirm,hr_contract_confirm,hr_contract.model_hr_contract,hr_violation_punishment.group_violation_punishment_confirm,1,0,0,0
access_hr_payroll_structure_type_confirm,hr_payroll_structure_type_confirm,hr_contract.model_hr_payroll_structure_type,hr_violation_punishment.group_violation_punishment_confirm,1,0,0,0
,,,,,,,
access_hr_employee_confirm,hr_employee_confirm,hr.model_hr_employee,hr_violation_punishment.group_violation_punishment_confirm,1,0,0,0
access_hr_salary_rule_confirm,hr_salary_rule_confirm,hr_payroll.model_hr_salary_rule,hr_violation_punishment.group_violation_punishment_confirm,1,0,0,0
access_hr_payroll_structure_confirm,hr_payroll_structure_confirm,hr_payroll.model_hr_payroll_structure,hr_violation_punishment.group_violation_punishment_confirm,1,0,0,0
access_hr_salary_expectation_confirm,hr_salary_expectation_confirm,hr_payroll.model_hr_salary_exception,hr_violation_punishment.group_violation_punishment_confirm,1,1,1,0
,,,,,,,
access_hr_salary_rule_config,hr_salary_rule_config,hr_payroll.model_hr_salary_rule,hr_violation_punishment.group_violation_punishment_config,1,0,0,0
,,,,,,,
access_hr_contract_readonly,hr_contract_readonly,hr_contract.model_hr_contract,hr_violation_punishment.group_violation_punishment_readonly,1,0,0,0
access_hr_payroll_structure_type_readonly,hr_payroll_structure_type_readonly,hr_contract.model_hr_payroll_structure_type,hr_violation_punishment.group_violation_punishment_readonly,1,0,0,0
,,,,,,,
access_hr_employee_readonly,hr_employee_readonly,hr.model_hr_employee,hr_violation_punishment.group_violation_punishment_readonly,1,0,0,0
access_hr_salary_rule_readonly,hr_salary_rule_readonly,hr_payroll.model_hr_salary_rule,hr_violation_punishment.group_violation_punishment_readonly,1,0,0,0
access_hr_payroll_structure_readonly,hr_payroll_structure_readonly,hr_payroll.model_hr_payroll_structure,hr_violation_punishment.group_violation_punishment_readonly,1,0,0,0
access_hr_salary_expectation_readonly,hr_salary_expectation_readonly,hr_payroll.model_hr_salary_exception,hr_violation_punishment.group_violation_punishment_readonly,1,0,0,0
access_hr_violation_punishment_readonly_base,access.hr.employee.violation.readonly.base,model_hr_employee_violation,base.group_user,1,0,0,0
access_hr_violation_base,access.hr.violation.base,model_hr_violation,base.group_user,1,1,1,1
access_hr_punishment_base,access.hr.punishment.base,model_hr_punishment,base.group_user,1,0,0,0
