<?xml version="1.0" encoding="utf-8"?>
<odoo>
	<data noupdate="0">
	    <record id="hr_loan_category" model="ir.module.category">
            <field name="name">Loans</field>
            <field name="sequence">16</field>
        </record>
        <record id="group_loan_configration" model="res.groups">
            <field name="category_id" eval="hr_loan_category"/>
            <field name="implied_ids" eval="[(4, ref('base.group_user'))]"/>
            <field name="name">Loans Configration</field>
            <field name="users" eval="[(4, ref('base.user_admin'))]"/>
        </record>
        <record id="group_loan_read" model="res.groups">
            <field name="category_id" eval="hr_loan_category"/>
            <field name="implied_ids" eval="[(4, ref('base.group_user'))]"/>
            <field name="name">Loans Readonly</field>
        </record>
        <record id="group_loan_request" model="res.groups">
            <field name="category_id" eval="hr_loan_category"/>
            <field name="implied_ids" eval="[(4, ref('base.group_user'))]"/>
            <field name="name">Loans Request</field>
        </record>
        <record id="group_loan_confirm" model="res.groups">
            <field name="category_id" eval="hr_loan_category"/>
            <field name="implied_ids" eval="[(4, ref('hr_loan.group_loan_request'))]"/>
            <field name="name">Loans Request Confirm</field>
        </record>
        <record id="group_loan_post" model="res.groups">
            <field name="category_id" eval="hr_loan_category"/>
            <field name="implied_ids" eval="[(4, ref('hr_loan.group_loan_request'))]"/>
            <field name="name">Loans Post</field>
        </record>
        <record id="group_loan_suspended_request" model="res.groups">
            <field name="category_id" eval="hr_loan_category"/>
            <field name="implied_ids" eval="[(4, ref('hr_loan.group_loan_request'))]"/>
            <field name="name">Loans Suspended Request</field>
            <field name="users" eval="[(4, ref('base.user_admin'))]"/>
        </record>
        <record id="group_loan_suspended_confirm" model="res.groups">
            <field name="category_id" eval="hr_loan_category"/>
            <field name="implied_ids" eval="[(4, ref('hr_loan.group_loan_confirm'))]"/>
            <field name="name">Loans Suspended Request Confirm</field>
            <field name="users" eval="[(4, ref('base.user_admin'))]"/>
        </record>
        <record id="group_loan_delay_request" model="res.groups">
            <field name="category_id" eval="hr_loan_category"/>
            <field name="implied_ids" eval="[(4, ref('hr_loan.group_loan_request'))]"/>
            <field name="name">Loans Delay Request</field>
        </record>
        <record id="group_loan_delay_confirm" model="res.groups">
            <field name="category_id" eval="hr_loan_category"/>
            <field name="implied_ids" eval="[(4, ref('hr_loan.group_loan_confirm'))]"/>
            <field name="name">Loans Delay Request Confirm</field>
        </record>
        <record id="group_loan_payment_request" model="res.groups">
            <field name="category_id" eval="hr_loan_category"/>
            <field name="implied_ids" eval="[(4, ref('hr_loan.group_loan_request'))]"/>
            <field name="name">Loans Payment Request</field>
        </record>
        <record id="group_loan_payment_confirm" model="res.groups">
            <field name="category_id" eval="hr_loan_category"/>
            <field name="implied_ids" eval="[(4, ref('hr_loan.group_loan_confirm'))]"/>
            <field name="name">Loans Payment Request Confirm</field>
        </record>
        <record id="group_loan_payment_post" model="res.groups">
            <field name="category_id" eval="hr_loan_category"/>
            <field name="implied_ids" eval="[(4, ref('hr_loan.group_loan_post'))]"/>
            <field name="name">Loans Payment Post</field>
        </record>
        <record id="group_loan_report" model="res.groups">
            <field name="category_id" eval="hr_loan_category"/>
            <field name="implied_ids" eval="[(4, ref('hr_loan.group_loan_read'))]"/>
            <field name="name">Loans Reports</field>
        </record>
	</data>

<data noupdate="0">
    <!-- multi-company-->
    <record id="hr_loan_comp_rule" model="ir.rule">
        <field name="name">HR Loan multi-company</field>
        <field name="model_id" ref="model_hr_loan"/>
        <field eval="True" name="global"/>
        <field name="domain_force">['|',('company_id','=',False),('company_id','child_of',[user.company_id.id])]</field>
    </record>
    <record id="hr_loan_suspend_comp_rule" model="ir.rule">
        <field name="name">HR Loan Suspend multi-company</field>
        <field name="model_id" ref="model_hr_loan_suspend"/>
        <field eval="True" name="global"/>
        <field name="domain_force">['|',('loan_id.company_id','=',False),('loan_id.company_id','child_of',[user.company_id.id])]</field>
    </record>
    <!-- <record id="hr_loan_delay_comp_rule" model="ir.rule">
        <field name="name">HR Loan Delay multi-company</field>
        <field name="model_id" ref="model_hr_loan_delay"/>
        <field eval="True" name="global"/>
        <field name="domain_force">['|',('loan_id.company_id','=',False),('loan_id.company_id','child_of',[user.company_id.id])]</field>
    </record> -->
    <record id="hr_loan_payment_comp_rule" model="ir.rule">
        <field name="name">HR Loan payment multi-company</field>
        <field name="model_id" ref="model_hr_loan_payment"/>
        <field eval="True" name="global"/>
        <field name="domain_force">['|',('loan_id.company_id','=',False),('loan_id.company_id','child_of',[user.company_id.id])]</field>
    </record>
    <record id="hr_loan_archive_comp_rule" model="ir.rule">
        <field name="name">HR Loan Archive multi-company</field>
        <field name="model_id" ref="model_hr_loan_archive"/>
        <field eval="True" name="global"/>
        <field name="domain_force">['|',('loan_id.company_id','=',False),('loan_id.company_id','child_of',[user.company_id.id])]</field>
    </record>
    
    <!-- loan-->
    <record id="ir_rule_hr_loan_emp" model="ir.rule">
        <field name="name">HR Loan: Requests</field>
        <field name="model_id" ref="model_hr_loan"/>
        <field name="domain_force">['|', ('employee_id.user_id', '=', user.id), '&amp;', ('employee_id.parent_id', '!=', False), ('employee_id.parent_id','child_of',[user.employee_id.id])]</field>
        <field name="groups" eval="[(4,ref('hr_loan.group_loan_request'))]"/>
    </record>
    
    <record id="ir_rule_hr_loan_all" model="ir.rule">
        <field name="name">HR Loan: All Requests</field>
        <field name="model_id" ref="model_hr_loan"/>
        <field name="groups" eval="[(4, ref('hr_loan.group_loan_read')),(4, ref('hr_loan.group_loan_confirm'))]"/>
        <field name="domain_force">[(1, '=', 1)]</field>
    </record>
    <!-- Suspend-->
    <record id="ir_rule_hr_loan_suspend_all" model="ir.rule">
        <field name="name">HR Loan: All Suspend Requests</field>
        <field name="model_id" ref="model_hr_loan_suspend"/>
        <field name="groups" eval="[(4, ref('hr_loan.group_loan_suspended_confirm'))]"/>
        <field name="domain_force">[(1, '=', 1)]</field>
    </record>
    <record id="ir_rule_hr_loan_suspend_emp" model="ir.rule">
        <field name="name">HR Loan: Suspend Requests</field>
        <field name="model_id" ref="model_hr_loan_suspend"/>
        <field name="domain_force">['|', ('employee_id.user_id', '=', user.id), '&amp;', ('employee_id.parent_id', '!=', False), ('employee_id.parent_id','child_of',[user.employee_id.id])]</field>
        <field name="groups" eval="[(4,ref('hr_loan.group_loan_suspended_request'))]"/>
    </record>
    <!-- Payment-->
    <record id="ir_rule_hr_loan_payment_all" model="ir.rule">
        <field name="name">HR Loan: All Payment Requests</field>
        <field name="model_id" ref="model_hr_loan_payment"/>
        <field name="groups" eval="[(4, ref('hr_loan.group_loan_payment_confirm')),(4, ref('hr_loan.group_loan_payment_post'))]"/>
        <field name="domain_force">[(1, '=', 1)]</field>
    </record>
    <record id="ir_rule_hr_loan_payment_emp" model="ir.rule">
        <field name="name">HR Loan: Payment Requests</field>
        <field name="model_id" ref="model_hr_loan_payment"/>
        <field name="domain_force">['|', ('employee_id.user_id', '=', user.id), '&amp;', ('employee_id.parent_id', '!=', False), ('employee_id.parent_id','child_of',[user.employee_id.id])]</field>
        <field name="groups" eval="[(4,ref('hr_loan.group_loan_payment_request'))]"/>
    </record>
   </data> 



</odoo>
