id,name,model_id:id,group_id:id,perm_read,perm_write,perm_create,perm_unlink
access_account_financial_report_accountant,access.account.financial.report.manager,model_account_financial_report,account.group_account_user,1,1,1,1
access_account_financial_report_accountant_bm,access.account.financial.report.bmanager,model_account_financial_report,account.group_account_manager,1,1,1,1

access_report_signature_accountant,access.report.signature.manager,model_report_signature,account.group_account_user,1,1,1,1
access_report_signature_accountant_bm,access.report.signature.bmanager,model_report_signature,account.group_account_manager,1,1,1,1

access_accounting_report,access.accounting.report,model_accounting_report,account.group_account_user,1,1,1,1
access_accounting_report_bm,access.accounting.report.bmanager,model_accounting_report,account.group_account_manager,1,1,1,1

