<?xml version="1.0" encoding="utf-8"?>
<odoo>
    <data noupdate="1">
    
         
    	<record id="group_hr_readonly" model="res.groups">
		    <field name="name">Employees - Readonly</field>
		    <field name="category_id" ref="base.module_category_human_resources_employees"/>
		    <field name="implied_ids" eval="[(4, ref('base.group_user'))]"/>
    	</record>
    	<record id="group_hr_readonly_all" model="res.groups">
		    <field name="name">Employees - Readonly all employees</field>
		    <field name="category_id" ref="base.module_category_human_resources_employees"/>
		    <field name="implied_ids" eval="[(4, ref('hr_custom.group_hr_readonly'))]"/>
    	</record>
    	<record id="group_hr_report" model="res.groups">
		    <field name="name">Payroll - Reports</field>
		    <field name="category_id" ref="base.module_category_human_resources_employees"/>
		    <field name="implied_ids" eval="[(4, ref('hr_custom.group_hr_readonly_all'))]"/>
    	</record>
    	<record id="group_hr_department_transfer" model="res.groups">
		    <field name="name">Employees - Department Transfer</field>
		    <field name="category_id" ref="base.module_category_human_resources_employees"/>
		    <field name="implied_ids" eval="[(4, ref('base.group_user'))]"/>
    	</record>
    	<record id="group_job_transfer_transfer" model="res.groups">
		    <field name="name">Employees - Job Transfer</field>
		    <field name="category_id" ref="base.module_category_human_resources_employees"/>
		    <field name="implied_ids" eval="[(4, ref('base.group_user'))]"/>
    	</record>
    	
        
    
		<record id="hr_department_transfer_multicompany" model="ir.rule">
		    <field name="name">Department Transfer: multi company rule</field>
		    <field name="model_id" ref="model_hr_employee_department_transfer"/>
		    <field name="domain_force">['|', ('employee_company_id', '=', False), ('employee_company_id', 'in', company_ids)]</field>
		</record>		
		<record id="hr_job_transfer_multicompany" model="ir.rule">
		    <field name="name">Job Transfer: multi company rule</field>
		    <field name="model_id" ref="model_hr_employee_job_transfer"/>
		    <field name="domain_force">['|', ('employee_company_id', '=', False), ('employee_company_id', 'in', company_ids)]</field>
		</record>
		<record id="hr_employee_family_multicompany" model="ir.rule">
		    <field name="name">Employee Family: multi company rule</field>
		    <field name="model_id" ref="model_hr_employee_family"/>
		    <field name="domain_force">['|', ('employee_company_id', '=', False), ('employee_company_id', 'in', company_ids)]</field>
		</record>
    
    
    </data>
</odoo>

