id,name,model_id:id,group_id:id,perm_read,perm_write,perm_create,perm_unlink
access_hr_department_config,hr_department_config,hr.model_hr_department,hr.group_hr_manager,1,1,1,1
access_hr_department_category_config,hr_department_category_config,hr_custom.model_hr_department_category,hr.group_hr_manager,1,1,1,1
access_hr_job_category_config,hr_job_category_config,hr_custom.model_hr_job_category,hr.group_hr_manager,1,1,1,1
access_hr_job_config,hr_job_config,hr.model_hr_job,hr.group_hr_manager,1,1,1,1
access_hr_employee_config,hr_employee_config,hr.model_hr_employee,hr.group_hr_manager,1,1,1,1
access_hr_employee_family,hr_employee_family,hr_custom.model_hr_employee_family,hr.group_hr_user,1,1,1,1
access_hr_employee_job_transfer_readonly,hr_employee_job_transfer_readonly,hr_custom.model_hr_employee_job_transfer,hr.group_hr_manager,1,1,1,1
access_hr_employee_department_transfer_readonly,hr_employee_department_transfer_readonly,hr_custom.model_hr_employee_department_transfer,hr.group_hr_manager,1,1,1,1
