<?xml version="1.0" encoding="utf-8"?>
<odoo>
    <data noupdate="1">
        <record id="contrib_register_employees" model="hr.contribution.register">
            <field name="name">Employees</field>
            <field name="partner_id" eval="False"/>
        </record>

        <record id="BASIC" model="hr.salary.rule.category">
            <field name="name">Basic</field>
            <field name="code">BASIC</field>
            <field name="rule_type">allowance</field>
        </record>

        <record id="ALW" model="hr.salary.rule.category">
            <field name="name">Allowance</field>
            <field name="code">ALW</field>
            <field name="rule_type">allowance</field>
        </record>

        <record id="GROSS" model="hr.salary.rule.category">
            <field name="name">Gross</field>
            <field name="code">GROSS</field>
            <field name="rule_type">allowance</field>
        </record>

        <record id="DED" model="hr.salary.rule.category">
            <field name="name">Deduction</field>
            <field name="code">DED</field>
            <field name="rule_type">deduction</field>
        </record>

        <record id="BONUS" model="hr.salary.rule.category">
            <field name="name">Bonus</field>
            <field name="code">BONUS</field>
            <field name="rule_type">bonus</field>
        </record>

        <record id="MON_ALW" model="hr.salary.rule.category">
            <field name="name">Monthly Allowance</field>
            <field name="code">Mon ALW</field>
            <field name="rule_type">bonus</field>
            <field name="frequency">monthly</field>
        </record>

        <record id="QR_ALW" model="hr.salary.rule.category">
            <field name="name">Quarter Allowance</field>
            <field name="code">Qr ALW</field>
            <field name="rule_type">bonus</field>
            <field name="frequency">quarterly</field>
        </record>

        <record id="YEAR_ALW" model="hr.salary.rule.category">
            <field name="name">Yearly Allowance</field>
            <field name="code">Year ALW</field>
            <field name="rule_type">bonus</field>
            <field name="frequency">yearly</field>
        </record>

        <record id="NET" model="hr.salary.rule.category">
            <field name="name">Net</field>
            <field name="code">NET</field>
            <field name="rule_type">allowance</field>
        </record>

<!--        <record id="COMP" model="hr.salary.rule.category">-->
<!--            <field name="name">Company Contribution</field>-->
<!--            <field name="code">COMP</field>-->
<!--        </record>-->

        <record id="hr_rule_basic" model="hr.salary.rule">
            <field name="name">Basic Salary</field>
            <field name="sequence" eval="1"/>
            <field name="code">BASIC</field>
            <field name="category_id" ref="hr_payroll.BASIC"/>
            <field name="condition_select">none</field>
            <field name="amount_select">code</field>
            <field name="select_linked">fix</field>
            <field name="amount_python_compute">result = employee.wage</field>
        </record>

        <record id="hr_rule_taxable" model="hr.salary.rule">
            <field name="name">Gross</field>
            <field name="sequence" eval="100"/>
            <field name="code">GROSS</field>
            <field name="category_id" ref="hr_payroll.GROSS"/>
            <field name="condition_select">none</field>
            <field name="amount_select">code</field>
            <field name="select_linked">fix</field>
            <field name="amount_python_compute">result = categories.BASIC + categories.ALW</field>
        </record>

        <record id="hr_rule_net" model="hr.salary.rule">
            <field name="name">Net Salary</field>
            <field name="sequence" eval="200"/>
            <field name="code">NET</field>
            <field name="category_id" ref="hr_payroll.NET"/>
            <field name="condition_select">none</field>
            <field name="amount_select">code</field>
            <field name="select_linked">fix</field>
            <field name="amount_python_compute">result = categories.BASIC + categories.ALW - categories.DED</field>
            <field name="register_id" ref="contrib_register_employees"/>
        </record>
        
        <!-- Salary Structure -->

         <record id="structure_base" model="hr.payroll.structure">
            <field name="code">BASE</field>
            <field name="name">Base for new structures</field>
            <field eval="[(6, 0, [ref('hr_rule_basic'), ref('hr_rule_taxable'),ref('hr_rule_net')])]" name="rule_ids"/>
            <field name="company_id" ref="base.main_company"/>
        </record>

        <!-- Decimal Precision -->

        <record forcecreate="True" id="decimal_payroll" model="decimal.precision">
            <field name="name">Payroll</field>
            <field name="digits">2</field>
        </record>

        <record forcecreate="True" id="decimal_payroll_rate" model="decimal.precision">
            <field name="name">Payroll Rate</field>
            <field name="digits">4</field>
        </record>

        <record id="ir_cron_check_exception_end" model="ir.cron">
            <field name="name">HR Payroll: check salary exception end</field>
            <field name="model_id" ref="model_hr_salary_exception"/>
            <field name="type">ir.actions.server</field>
            <field name="state">code</field>
            <field name="code">model._cron_check_exception_end()</field>
            <field name="interval_number">1</field>
            <field name="interval_type">days</field>
            <field name="numbercall">-1</field>
        </record>

    </data>
</odoo>
