<?xml version="1.0" encoding="utf-8"?>
<odoo>
    <data noupdate="1">
    
        <record id="seq_salary_slip" model="ir.sequence">
            <field name="name">Salary Slip</field>
            <field name="code">salary.slip</field>
            <field name="prefix">SLIP/</field>
            <field name="padding">3</field>
        </record>
        
        <record id="seq_bonus_slip" model="ir.sequence">
            <field name="name">bonus Slip</field>
            <field name="code">bonus.slip</field>
            <field name="prefix">BONUS/</field>
            <field name="padding">3</field>
        </record>
      
    </data>
</odoo>
