<?xml version="1.0" encoding="utf-8"?>
<odoo>
    <data noupdate="1">
        <record id="seq_budget_operation" model="ir.sequence">
            <field name="name">Account Budget Operation</field>
            <field name="code">account.budget.operation</field>
            <field name="prefix">%(range_year)s/</field>
            <field name="padding">5</field>
            <field name="number_next">1</field>
            <field name="number_increment">1</field>
            <field name="use_date_range" eval="True"/>
            <field name="company_id" eval="False"/>
        </record>

        <record id="seq_budget_confirmation" model="ir.sequence">
            <field name="name">Account Budget Confirmation</field>
            <field name="code">account.budget.confirmation</field>
            <field name="prefix">%(range_year)s/</field>
            <field name="padding">5</field>
            <field name="number_next">1</field>
            <field name="number_increment">1</field>
            <field name="use_date_range" eval="True"/>
            <field name="company_id" eval="False"/>
        </record>

    </data>
</odoo>
