id,name,model_id:id,group_id:id,perm_read,perm_write,perm_create,perm_unlink
access_check_log_check_readonly,check.log.check.readonly,model_check_log,account.group_account_readonly,1,0,0,0
access_check_log_check_invoice,check.log.check.invoice,model_check_log,account.group_account_invoice,1,1,1,0

access_account_check_dimension_readonly,account.check.dimension.readonly,model_account_check_dimension,account.group_account_readonly,1,0,0,0
access_account_check_dimension_invoice,account.check.dimension.invoice,model_account_check_dimension,account.group_account_invoice,1,0,0,0
access_account_check_dimension_manager,account.check.dimension.manager,model_account_check_dimension,account.group_account_manager,1,1,1,1
