<?xml version="1.0" encoding="utf-8"?>
<odoo>
<data noupdate="1">

    <record model="ir.module.category" id="module_category_hr_payroll">
        <field name="name">Payroll</field>
        <field name="description">Helps you manage your payrolls.</field>
        <field name="sequence">10</field>
    </record>

	<record id="group_hr_payroll_configuration" model="res.groups">
        <field name="name">Payroll - Configuration</field>
        <field name="category_id" ref="hr_payroll.module_category_hr_payroll"/>
    </record>
    <record id="group_hr_payroll_readonly" model="res.groups">
        <field name="name">Payroll - Readonly</field>
        <field name="category_id" ref="module_category_hr_payroll"/>
        <field name="implied_ids" eval="[(4, ref('base.group_user'))]"/>
    </record>
    <record id="group_hr_payroll_report" model="res.groups">
        <field name="name">Payroll - Reports</field>
        <field name="category_id" ref="hr_payroll.module_category_hr_payroll"/>
        <field name="implied_ids" eval="[(4, ref('hr_payroll.group_hr_payroll_readonly'))]"/>
    </record>
    <record id="group_hr_payroll_salary_exception" model="res.groups">
        <field name="name">Payroll - Salary Exceptions</field>
        <field name="category_id" ref="hr_payroll.module_category_hr_payroll"/>
        <field name="implied_ids" eval="[(4, ref('base.group_user'))]"/>
    </record>
    <record id="group_hr_payroll_compute" model="res.groups">
        <field name="name">Payroll -Compute</field>
        <field name="category_id" ref="hr_payroll.module_category_hr_payroll"/>
        <field name="implied_ids" eval="[(4, ref('hr_payroll.group_hr_payroll_readonly'))]"/>
    </record>
    <record id="group_hr_payroll_verify" model="res.groups">
        <field name="name">Payroll - Verify</field>
        <field name="category_id" ref="hr_payroll.module_category_hr_payroll"/>
        <field name="implied_ids" eval="[(4, ref('hr_payroll.group_hr_payroll_readonly'))]"/>
    </record>
    <record id="group_hr_payroll_approve" model="res.groups">
        <field name="name">Payroll - Approve</field>
        <field name="category_id" ref="hr_payroll.module_category_hr_payroll"/>
        <field name="implied_ids" eval="[(4, ref('hr_payroll.group_hr_payroll_readonly'))]"/>
    </record>
    <record id="group_hr_payroll_accountig" model="res.groups">
        <field name="name">Payroll - Accountig Post</field>
        <field name="category_id" ref="hr_payroll.module_category_hr_payroll"/>
        <field name="implied_ids" eval="[(4, ref('hr_payroll.group_hr_payroll_readonly'))]"/>
    </record>
    <record id="group_hr_payroll_promotion" model="res.groups">
        <field name="name">Employees - Promotions</field>
        <field name="category_id" ref="base.module_category_human_resources_employees"/>
        <field name="implied_ids" eval="[(4, ref('base.group_user'))]"/>
    </record>
    
 

 

<!--    <record id="hr_payroll_rule_officer" model="ir.rule">-->
<!--        <field name="name">Officer and subordinates Payslip</field>-->
<!--        <field name="model_id" ref="model_hr_payslip"/>-->
<!--        <field name="domain_force">['|','|', ('employee_id.user_id', '=', user.id), ('employee_id.department_id', '=', False), ('employee_id.department_id.manager_id.user_id', '=', user.id)]</field>-->
<!--        <field name="groups" eval="[(4, ref('hr_payroll.group_hr_payroll_user'))]"/>-->
<!--    </record>-->

<!--    <record id="hr_payslip_rule_manager" model="ir.rule">-->
<!--        <field name="name">All Payslip</field>-->
<!--        <field name="model_id" ref="model_hr_payslip"/>-->
<!--        <field name="domain_force">[(1,'=',1)]</field>-->
<!--        <field name="groups" eval="[(4, ref('hr_payroll.group_hr_payroll_manager'))]"/>-->
<!--    </record>-->
<!--    <record model="ir.rule" id="payroll_multi_company_rule">-->
<!--        <field name="name">Payroll multi company</field>-->
<!--        <field name="model_id" ref="model_hr_payslip"/>-->
<!--        <field name="global" eval="True"/>-->
<!--        <field name="domain_force">['|', ('company_id', '=', False), ('company_id', 'in', company_ids)]-->
<!--        </field>-->
<!--    </record>-->
</data>
</odoo>
