id,name,model_id:id,group_id:id,perm_read,perm_write,perm_create,perm_unlink
access_hr_payroll_structure,hr.payroll.structure,model_hr_payroll_structure,hr_payroll.group_hr_payroll_configuration,1,1,1,1
access_hr_payroll_structure_hr_readonly,hr.payroll.structure.hr.readonly,model_hr_payroll_structure,hr_payroll.group_hr_payroll_readonly,1,0,0,0
access_hr_payroll_structure_hr_exception,hr.payroll.structure.hr.exception,model_hr_payroll_structure,hr_payroll.group_hr_payroll_salary_exception,1,0,0,0
access_hr_contribution_register,hr.contribution.register,model_hr_contribution_register,hr_payroll.group_hr_payroll_configuration,1,1,1,1
access_hr_contribution_register_readonly,hr.contribution.register.readonly,model_hr_contribution_register,hr_payroll.group_hr_payroll_readonly,1,0,0,0
access_hr_contribution_register_exception,hr.contribution.register.exception,model_hr_contribution_register,hr_payroll.group_hr_payroll_salary_exception,1,0,0,0
access_hr_salary_rule_category,hr.salary.rule.category,model_hr_salary_rule_category,hr_payroll.group_hr_payroll_configuration,1,1,1,1
access_hr_salary_rule_category_readonly,hr.salary.rule.category.readonly,model_hr_salary_rule_category,hr_payroll.group_hr_payroll_readonly,1,0,0,0
access_hr_salary_rule_category.exception,hr.salary.rule.category_exception,model_hr_salary_rule_category,hr_payroll.group_hr_payroll_salary_exception,1,0,0,0
access_hr_salary_rule_config,hr.salary.rule.config,model_hr_salary_rule,hr_payroll.group_hr_payroll_configuration,1,1,1,1
access_hr_salary_rule_readonlyr,hr.salary.rule.readonly,model_hr_salary_rule,hr_payroll.group_hr_payroll_readonly,1,0,0,0
access_hr_salary_amount,hr.salary.amount,hr_payroll.model_hr_salary_amount,hr_payroll.group_hr_payroll_configuration,1,1,1,1
access_hr_salary_amount_readonly,hr.salary.amount.readonly,hr_payroll.model_hr_salary_amount,hr_payroll.group_hr_payroll_readonly,1,0,0,0
access_hr_salary_rule_exception,hr.salary.rule.exception,model_hr_salary_rule,hr_payroll.group_hr_payroll_salary_exception,1,0,0,0
access_hr_salary_exception,hr.salary.exception.user,hr_payroll.model_hr_salary_exception,hr_payroll.group_hr_payroll_salary_exception,1,1,1,1
access_hr_salary_exception,hr.salary.exception.user,hr_payroll.model_hr_salary_exception,hr_payroll.group_hr_payroll_readonly,1,0,0,0
access_hr_allow_deduct_exception,hr.allow.deduct.exception,hr_payroll.model_hr_allow_deduct_exception,hr_payroll.group_hr_payroll_salary_exception,1,1,1,1
access_hr_promotions,hr.promotions.user,hr_payroll.model_hr_promotion,hr_payroll.group_hr_payroll_promotion,1,1,1,1
access_hr_promotions_readonly,hr.promotions.readonly,hr_payroll.model_hr_promotion,hr_payroll.group_hr_payroll_readonly,1,0,0,0
access_hr_payslip_run,hr.payslip.run.compute,hr_payroll.model_hr_payslip_run,hr_payroll.group_hr_payroll_compute,1,1,1,1
access_hr_payslip_run_verify,hr.payslip.run.verify,hr_payroll.model_hr_payslip_run,hr_payroll.group_hr_payroll_verify,1,1,0,0
access_hr_payslip_run_approve,hr.payslip.run.verify,hr_payroll.model_hr_payslip_run,hr_payroll.group_hr_payroll_approve,1,1,0,0
access_hr_payslip_run_accountig,hr.payslip.run.accountig,hr_payroll.model_hr_payslip_run,hr_payroll.group_hr_payroll_accountig,1,1,0,0
access_hr_payslip_run_readonly,hr.payslip.run.readonly,hr_payroll.model_hr_payslip_run,hr_payroll.group_hr_payroll_readonly,1,0,0,0
access_hr_payslip,hr.payslip.compute,hr_payroll.model_hr_payslip,hr_payroll.group_hr_payroll_compute,1,1,1,1
access_hr_payslip_verify,hr.payslip.verify,hr_payroll.model_hr_payslip,hr_payroll.group_hr_payroll_verify,1,1,1,1
access_hr_payslip_approve,hr.payslip.approve,hr_payroll.model_hr_payslip,hr_payroll.group_hr_payroll_approve,1,1,1,1
access_hr_payslip_accountig,hr.payslip.accountig,hr_payroll.model_hr_payslip,hr_payroll.group_hr_payroll_accountig,1,1,1,1
access_hr_payslip_readonly,hr.payslip.readonly,hr_payroll.model_hr_payslip,hr_payroll.group_hr_payroll_readonly,1,0,0,0
access_hr_payslip_line,hr.payslip.line.compute,hr_payroll.model_hr_payslip_line,hr_payroll.group_hr_payroll_compute,1,1,1,1
access_hr_payslip_line_verify,hr.payslip.line.verify,hr_payroll.model_hr_payslip_line,hr_payroll.group_hr_payroll_verify,1,1,1,1
access_hr_payslip_line_approve,hr.payslip.line.approve,hr_payroll.model_hr_payslip_line,hr_payroll.group_hr_payroll_approve,1,1,1,1
access_hr_payslip_line_accountig,hr.payslip.line.accountig,hr_payroll.model_hr_payslip_line,hr_payroll.group_hr_payroll_accountig,1,1,1,1
access_hr_payslip_line_readonly,hr.payslip.line.readonly,hr_payroll.model_hr_payslip_line,hr_payroll.group_hr_payroll_readonly,1,0,0,0
access_hr_payslip_worked_days,hr.payslip.worked.days.compute,hr_payroll.model_hr_payslip_worked_days,hr_payroll.group_hr_payroll_compute,1,1,1,1
access_hr_payslip_worked_days_verify,hr.payslip.worked.days.verify,hr_payroll.model_hr_payslip_worked_days,hr_payroll.group_hr_payroll_verify,1,1,1,1
access_hr_payslip_worked_days_approve,hr.payslip.worked.days.approve,hr_payroll.model_hr_payslip_worked_days,hr_payroll.group_hr_payroll_approve,1,1,1,1
access_hr_payslip_worked_days_accountig,hr.payslip.worked.days.accountig,hr_payroll.model_hr_payslip_worked_days,hr_payroll.group_hr_payroll_accountig,1,1,1,1
access_hr_payslip_worked_days_readonly,hr.payslip.worked.days.readonly,hr_payroll.model_hr_payslip_worked_days,hr_payroll.group_hr_payroll_readonly,1,0,0,0
access_employee_salary_card_report,employee.salary.card.report,hr_payroll.model_salary_card_wizard,base.group_user,1,1,1,1
access_hr_payroll_index,hr.payroll.index.user,hr_payroll.model_hr_payroll_index,hr_payroll.group_hr_payroll_configuration,1,1,1,1
access_employee_salary_budget_wiz,employee.salary.budget.wiz,hr_payroll.model_employee_salary_budget_wiz,hr_payroll.group_hr_payroll_report,1,1,1,1



