<?xml version="1.0" encoding="utf-8"?>
<odoo>
    <data noupdate="1">
        <record id="checkbraka_dimension" model="account.check.dimension">
            <field name="name">نموزج شيك بنك البركة</field>
            <field name="font_size">16</field>
            <field name="date">895,390</field>
            <field name="beneficiary">895,425</field>
            <field name="amount">900,460</field>
            <field name="number">870,550</field>
        </record>

        <record id="checkmozare_dimension" model="account.check.dimension">
            <field name="name">نموزج شيك بنك المزارع</field>
            <field name="font_size">16</field>
            <field name="date">895,380</field>
            <field name="beneficiary">895,415</field>
            <field name="amount">900,450</field>
            <field name="number">855,535</field>
        </record>

        <record id="checknile_dimension" model="account.check.dimension">
            <field name="name">نموزج شيك بنك النيل للتجارة والتنمية</field>
            <field name="font_size">16</field>
            <field name="date">875,350</field>
            <field name="beneficiary">870,425</field>
            <field name="amount">870,460</field>
            <field name="number">850,525</field>
        </record>
        <record id="checkqatar_dimension" model="account.check.dimension">
            <field name="name">نموزج شيك بنك قطر الوطني</field>
            <field name="font_size">16</field>
            <field name="date">888,385</field>
            <field name="beneficiary">895,425</field>
            <field name="amount">895,455</field>
            <field name="number">850,545</field>
        </record>

        <record id="checksudan_dimension" model="account.check.dimension">
            <field name="name">بنك السودان المركزي</field>
            <field name="font_size">20</field>
            <field name="date">990,215</field>
            <field name="beneficiary">990,256</field>
            <field name="amount">990,294</field>
            <field name="number">975,385</field>
        </record>
    </data>

</odoo>
