<?xml version="1.0" encoding="utf-8"?>
<odoo>

    <record model="ir.module.category" id="module_category_account_budget">
        <field name="name">Budgets</field>
        <field name="sequence">5</field>
    </record>


    <record model="ir.module.category" id="module_category_account_budget_budget">
        <field name="name">Budgets</field>
        <field name="parent_id" eval="module_category_account_budget"/>
    </record>


    <record id="group_account_budget_readonly" model="res.groups">
        <field name="name">Read Only</field>
        <field name="category_id" ref="module_category_account_budget_budget"/>
        <field name="implied_ids"
               eval="[(4, ref('analytic.group_analytic_accounting'))]"/>
    </record>


    <record id="group_account_budget_own" model="res.groups">
        <field name="name">Own Budgets Only</field>
        <field name="category_id" ref="module_category_account_budget_budget"/>
        <field name="implied_ids"
               eval="[(4, ref('group_account_budget_readonly'))]"/>
    </record>


    <record id="group_account_budget_all" model="res.groups">
        <field name="name">All Budgets</field>
        <field name="category_id" ref="module_category_account_budget_budget"/>
        <field name="implied_ids"
               eval="[(4, ref('group_account_budget_own'))]"/>
    </record>

    <record id="group_account_budget_manager" model="res.groups">
        <field name="name">Administrator</field>
        <field name="category_id" ref="module_category_account_budget_budget"/>
        <field name="implied_ids"
               eval="[(4, ref('group_account_budget_all'))]"/>
    </record>


    <record id="group_budget_confirm" model="res.groups">
        <field name="name">Budget Confirmation</field>
        <field name="category_id" ref="base.module_category_hidden"/>

    </record>


</odoo>
