id,name,model_id:id,group_id:id,perm_read,perm_write,perm_create,perm_unlink
access_crossovered_budget_readonly,crossovered.budget.readonly,model_crossovered_budget,group_account_budget_readonly,1,0,0,0
access_crossovered_budget_own,crossovered.budget.own,model_crossovered_budget,group_account_budget_own,1,1,0,0
access_crossovered_budget_all,crossovered.budget.all,model_crossovered_budget,group_account_budget_all,1,1,0,0
access_crossovered_budget_man,crossovered.budget.man,model_crossovered_budget,group_account_budget_manager,1,1,1,1
,,,,,,,
access_account_budget_post_readonly,account.budget.post.readonly,model_account_budget_post,group_account_budget_readonly,1,0,0,0
access_account_budget_post_own,account.budget.post.own,model_account_budget_post,group_account_budget_own,1,0,0,0
access_account_budget_post_all,account.budget.post.all,model_account_budget_post,group_account_budget_all,1,0,0,0
access_account_budget_post_man,account.budget.post.man,model_account_budget_post,group_account_budget_manager,1,1,1,1
,,,,,,,
access_budget_line_readonly,crossovered.budget.lines.readonly,model_crossovered_budget_lines,group_account_budget_readonly,1,0,0,0
access_budget_line_own,crossovered.budget.lines.own,model_crossovered_budget_lines,group_account_budget_own,1,1,0,0
access_budget_line_all,crossovered.budget.lines.all,model_crossovered_budget_lines,group_account_budget_all,1,1,1,1
access_budget_line_man,crossovered.budget.lines.manager,model_crossovered_budget_lines,group_account_budget_manager,1,1,1,1
,,,,,,,
access_account_budget_operation_readonly,account_budget_operation_readonly,account_budget.model_account_budget_operation,group_account_budget_readonly,1,0,0,0
access_account_budget_operation_own,account_budget_operation_own,account_budget.model_account_budget_operation,group_account_budget_own,1,0,0,0
access_account_budget_operation_all,account_budget_operation_all,account_budget.model_account_budget_operation,group_account_budget_all,1,1,0,0
access_account_budget_operation_man,account_budget_operation_man,account_budget.model_account_budget_operation,group_account_budget_manager,1,1,1,1
,,,,,,,
access_account_budget_operation_line_readonlyr,account_budget_operation_line_readonly,account_budget.model_account_budget_operation_line,group_account_budget_readonly,1,0,0,0
access_account_budget_operation_line_own,account_budget_operation_line_own,account_budget.model_account_budget_operation_line,group_account_budget_own,1,0,0,0
access_account_budget_operation_line_all,account_budget_operation_line_all,account_budget.model_account_budget_operation_line,group_account_budget_all,1,1,0,0
access_account_budget_operation_line_man,account_budget_operation_line_man,account_budget.model_account_budget_operation_line,group_account_budget_manager,1,1,1,1
,,,,,,,
access_budget_confirm_readonly,account_budget_confirm_readonly,account_budget.model_account_budget_confirmation,group_account_budget_readonly,1,0,0,0
access_budget_confirm_own,account_budget_confirm_own,account_budget.model_account_budget_confirmation,group_account_budget_own,1,0,0,0
access_budget_confirm_all,account_budget_confirm_all,account_budget.model_account_budget_confirmation,group_account_budget_all,1,1,0,0
access_budget_confirm_man,account_budget_confirm_man,account_budget.model_account_budget_confirmation,group_account_budget_manager,1,1,1,1
,,,,,,,
access_analytic_readonly,analytic_account_readonly,analytic.model_account_analytic_account,group_account_budget_readonly,1,1,1,0
access_analytic_own,analytic_account_own,analytic.model_account_analytic_account,group_account_budget_own,1,1,1,0
access_analytic_all,analytic_account_all,analytic.model_account_analytic_account,group_account_budget_all,1,1,1,0
access_analytic_man,analytic_account_man,analytic.model_account_analytic_account,group_account_budget_manager,1,1,1,1
,,,,,,,
access_analytic_distribution_readonly,analytic_distribution_account_readonly,analytic.model_account_analytic_distribution_model,group_account_budget_readonly,1,0,0,0
access_analytic_distribution_own,analytic_distribution_account_own,analytic.model_account_analytic_distribution_model,group_account_budget_own,1,0,0,0
access_analytic_distribution_all,analytic_distribution_account_all,analytic.model_account_analytic_distribution_model,group_account_budget_all,1,0,0,0
access_analytic_distribution_man,analytic_distribution_account_man,analytic.model_account_analytic_distribution_model,group_account_budget_manager,1,1,1,1
,,,,,,,
access_analytic_plan_readonly,analytic_plan_account_readonly,analytic.model_account_analytic_plan,group_account_budget_readonly,1,0,0,0
access_analytic_plan_own,analytic_plan_account_own,analytic.model_account_analytic_plan,group_account_budget_own,1,0,0,0
access_analytic_plan_all,analytic_plan_account_all,analytic.model_account_analytic_plan,group_account_budget_all,1,0,0,0
access_analytic_plan_man,analytic_plan_account_man,analytic.model_account_analytic_plan,group_account_budget_manager,1,1,1,1
,,,,,,,
access_analytic_app_readonly,analytic_app_account_readonly,analytic.model_account_analytic_applicability,group_account_budget_readonly,1,0,0,0
access_analytic_app_own,analytic_app_account_own,analytic.model_account_analytic_applicability,group_account_budget_own,1,0,0,0
access_analytic_app_all,analytic_app_account_all,analytic.model_account_analytic_applicability,group_account_budget_all,1,0,0,0
access_analytic_app_man,analyticapp_account_man,analytic.model_account_analytic_applicability,group_account_budget_manager,1,1,1,1
,,,,,,,
access_analytic_line_readonly,analytic_line_account_readonly,analytic.model_account_analytic_line,group_account_budget_readonly,1,0,0,0
access_analytic_line_own,analytic_line_account_own,analytic.model_account_analytic_line,group_account_budget_own,1,0,0,0
access_analytic_line_all,analytic_line_account_all,analytic.model_account_analytic_line,group_account_budget_all,1,0,0,0
access_analytic_line_man,analytic_line_account_man,analytic.model_account_analytic_line,group_account_budget_manager,1,1,1,1
,,,,,,,
access_analytic_root_manager,account.root,model_analytic_root,base.group_user,1,0,0,0
