<?xml version="1.0" encoding="utf-8"?>
<odoo noupdate="1">


    <record id="budgets_personal_rule" model="ir.rule">
        <field name="name">Personal Budgets</field>
        <field ref="model_crossovered_budget" name="model_id"/>
        <field name="domain_force">['|',('user_id','=',user.id),('user_id','=',False)]</field>
        <field name="groups" eval="[(4, ref('account_budget.group_account_budget_own'))]"/>
    </record>
    <record id="budget_see_all" model="ir.rule">
        <field name="name">All Budget</field>
        <field ref="model_crossovered_budget" name="model_id"/>
        <field name="domain_force">[(1,'=',1)]</field>
        <field name="groups" eval="[(4, ref('account_budget.group_account_budget_all'))]"/>
    </record>

    <!-- Multi - Company Rules -->


    <record id="budget_post_comp_rule" model="ir.rule">
        <field name="name">Budget post multi-company</field>
        <field name="model_id" ref="model_account_budget_post"/>
        <field eval="True" name="global"/>
        <field name="domain_force">['|',('company_id','=',False),('company_id', 'in', company_ids)]</field>
    </record>

    <record id="budget_comp_rule" model="ir.rule">
        <field name="name">Budget multi-company</field>
        <field name="model_id" ref="model_crossovered_budget"/>
        <field eval="True" name="global"/>
        <field name="domain_force">['|',('company_id','=',False),('company_id', 'in', company_ids)]</field>
    </record>

    <record id="budget_lines_comp_rule" model="ir.rule">
        <field name="name">Budget lines multi-company</field>
        <field name="model_id" ref="model_crossovered_budget_lines"/>
        <field eval="True" name="global"/>
        <field name="domain_force">['|',('company_id','=',False),('company_id', 'in', company_ids)]</field>
    </record>

    <record id="budget_operation_comp_rule" model="ir.rule">
        <field name="name">Budgets Operations multi-company</field>
        <field name="model_id" ref="model_account_budget_operation"/>
        <field eval="True" name="global"/>
        <field name="domain_force">['|',('company_id','=',False),('company_id', 'in', company_ids)]</field>
    </record>

    <record id="budget_confirmation_comp_rule" model="ir.rule">
        <field name="name">Budgets Confirmations multi-company</field>
        <field name="model_id" ref="model_account_budget_confirmation"/>
        <field eval="True" name="global"/>
        <field name="domain_force">['|',('company_id','=',False),('company_id', 'in', company_ids)]</field>
    </record>


</odoo>
