<?xml version="1.0" encoding="utf-8"?>
<odoo>
    <data noupdate="1">
        <record id="base.module_category_human_resources_mission" model="ir.module.category">
            <field name="description">Enable the user to see and manage the Missions Request for Employees.</field>
            <field name="name">Missions</field>
            <field name="sequence">10</field>
        </record>
        
        <record id="group_mission_configration" model="res.groups">
            <field name="category_id" ref="base.module_category_human_resources_mission"/>
            <field name="name">Missions Configration</field>
        </record>
        <record id="group_mission_read" model="res.groups">
            <field name="category_id" ref="base.module_category_human_resources_mission"/>
            <field name="implied_ids" eval="[(4, ref('base.group_user'))]"/>
            <field name="name">Missions Readonly</field>
        </record>
        <record id="group_mission_request" model="res.groups">
            <field name="category_id" ref="base.module_category_human_resources_mission"/>
            <field name="implied_ids" eval="[(4, ref('base.group_user'))]"/>
            <field name="name">Missions Request</field>
        </record>
        <record id="group_mission_confirm" model="res.groups">
            <field name="category_id" ref="base.module_category_human_resources_mission"/>
            <field name="implied_ids" eval="[(4, ref('hr_mission.group_mission_read'))]"/>
            <field name="name">Missions Confirm</field>
        </record>
        <record id="group_mission_approve" model="res.groups">
            <field name="category_id" ref="base.module_category_human_resources_mission"/>
            <field name="implied_ids" eval="[(4, ref('hr_mission.group_mission_read'))]"/>
            <field name="name">Missions Approve</field>
        </record>
       
        <record id="group_mission_report" model="res.groups">
            <field name="category_id" ref="base.module_category_human_resources_mission"/>
            <field name="implied_ids" eval="[(4, ref('hr_mission.group_mission_read'))]"/>
            <field name="name">Missions Reports</field>
        </record>

        <record id="hr_mission_comp_rule" model="ir.rule">
            <field name="name">Hr Mission multi-company</field>
            <field name="model_id" ref="model_hr_mission"/>
            <field eval="True" name="global"/>
            <field name="domain_force">['|',('company_id','=',False),('company_id','child_of',[user.company_id.id])]</field>
        </record>
        
        <record id="ir_rule_hr_mission_manager" model="ir.rule">
            <field name="name">HR Mission: Department Request</field>
            <field name="model_id" ref="model_hr_mission"/>
            <field name="groups" eval="[(4, ref('hr_mission.group_mission_request'))]"/>
            <field name="domain_force">[('department_id', 'child_of', [user.department_id.id])]</field>
        </record>
        
        <record id="ir_rule_hr_mission_all" model="ir.rule">
            <field name="name">HR Mission: All Requests</field>
            <field name="model_id" ref="model_hr_mission"/>
            <field name="groups" eval="[(4, ref('hr_mission.group_mission_read'))]"/>
            <field name="domain_force">[(1, '=', 1)]</field>
        </record>


	
    </data>
</odoo>
