id,name,model_id:id,group_id:id,perm_read,perm_write,perm_create,perm_unlink
access_hr_mission_category_configration,hr.mission.category configration,model_hr_mission_category,hr_mission.group_mission_configration,1,1,1,1
access_hr_mission_category_read,hr.mission.category read,model_hr_mission_category,hr_mission.group_mission_read,1,0,0,0
access_hr_mission_employee_read,hr.mission.employee read,model_hr_mission_employee,hr_mission.group_mission_read,1,0,0,0
access_hr_mission_service_reade,hr.mission.service read,model_hr_mission_service,hr_mission.group_mission_read,1,0,0,0
access_hr_mission_read,hr.mission read,model_hr_mission,hr_mission.group_mission_read,1,0,0,0
access_hr_mission_category_request,hr.mission.category request,model_hr_mission_category,hr_mission.group_mission_request,1,0,0,0
access_hr_mission_employee_request,hr.mission.employee request,model_hr_mission_employee,hr_mission.group_mission_request,1,1,1,1
access_hr_mission_service_request,hr.mission.service request,model_hr_mission_service,hr_mission.group_mission_request,1,1,1,1
access_hr_mission_request,hr.mission request,model_hr_mission,hr_mission.group_mission_request,1,1,1,1
access_hr_mission_employee_confirm,hr.mission.employee confirm,model_hr_mission_employee,hr_mission.group_mission_confirm,1,1,1,1
access_hr_mission_service_confirm,hr.mission.service confirm,model_hr_mission_service,hr_mission.group_mission_confirm,1,1,1,1
access_hr_mission_confirm,hr.mission confirm,model_hr_mission,hr_mission.group_mission_confirm,1,1,1,1
access_hr_mission_employee_approve,hr.mission.employee approve,model_hr_mission_employee,hr_mission.group_mission_approve,1,1,1,1
access_hr_mission_service_approve,hr.mission.service approve,model_hr_mission_service,hr_mission.group_mission_approve,1,1,1,1
access_hr_mission_approve,hr.mission approve,model_hr_mission,hr_mission.group_mission_approve,1,1,1,1




