<?xml version="1.0" encoding="utf-8"?>
<odoo>
    
    <data noupdate="1">
        <record id="out_invoice_sequance" model="ir.sequence">
            <field name="name">Out Invoice Sequence</field>
            <field name="code">out.invoice.sequence</field>
            <field name="prefix">%(range_year)s/</field>
            <field name="padding">5</field>
            <field name="number_next">1</field>
            <field name="number_increment">1</field>
            <field name="use_date_range" eval="True"/>
            <field name="company_id" eval="False"/>
        </record>

        <record id="in_invoice_sequance" model="ir.sequence">
            <field name="name">In Invoice Sequence</field>
            <field name="code">in.invoice.sequence</field>
            <field name="prefix">%(range_year)s/</field>
            <field name="padding">5</field>
            <field name="number_next">1</field>
            <field name="number_increment">1</field>
            <field name="use_date_range" eval="True"/>
            <field name="company_id" eval="False"/>
        </record>

        <record id="out_refund_sequance" model="ir.sequence">
            <field name="name">Out Refund Sequence</field>
            <field name="code">out.refund.sequence</field>
            <field name="prefix">%(range_year)s/</field>
            <field name="padding">5</field>
            <field name="number_next">1</field>
            <field name="number_increment">1</field>
            <field name="use_date_range" eval="True"/>
            <field name="company_id" eval="False"/>
        </record>

        <record id="in_refund_sequance" model="ir.sequence">
            <field name="name">In Refund Sequence</field>
            <field name="code">in.refund.sequence</field>
            <field name="prefix">%(range_year)s/</field>
            <field name="padding">5</field>
            <field name="number_next">1</field>
            <field name="number_increment">1</field>
            <field name="use_date_range" eval="True"/>
            <field name="company_id" eval="False"/>
        </record>

        <record id="out_receipt_sequance" model="ir.sequence">
            <field name="name">Out Receipt Sequence</field>
            <field name="code">out.receipt.sequence</field>
            <field name="prefix">%(range_year)s/</field>
            <field name="padding">5</field>
            <field name="number_next">1</field>
            <field name="number_increment">1</field>
            <field name="use_date_range" eval="True"/>
            <field name="company_id" eval="False"/>
        </record>

        <record id="in_receipt_sequance" model="ir.sequence">
            <field name="name">In Receipt Sequence</field>
            <field name="code">in.receipt.sequence</field>
            <field name="prefix">%(range_year)s/</field>
            <field name="padding">5</field>
            <field name="number_next">1</field>
            <field name="number_increment">1</field>
            <field name="use_date_range" eval="True"/>
            <field name="company_id" eval="False"/>
        </record>

        <record id="payment_sequance" model="ir.sequence">
            <field name="name">Payment Sequence</field>
            <field name="code">payment.sequence</field>
            <field name="prefix">%(range_year)s/</field>
            <field name="padding">5</field>
            <field name="number_next">1</field>
            <field name="number_increment">1</field>
            <field name="use_date_range" eval="True"/>
            <field name="company_id" eval="False"/>
        </record>
    </data>
    
</odoo>
