<?xml version="1.0" encoding="utf-8"?>
<odoo>

    <record model="ir.module.category" id="module_category_account_report">
        <field name="name">Accounting Report</field>
        <field name="sequence">6</field>
    </record>


    <record model="ir.module.category" id="module_category_account_report_report">
        <field name="name">Accounting Report</field>
        <field name="parent_id" eval="module_category_account_report"/>
    </record>


    <record id="group_account_report_show" model="res.groups">
        <field name="name">Show Reports</field>
        <field name="category_id" ref="module_category_account_report_report"/>
        <field name="implied_ids"
               eval="[(4, ref('account.group_account_user'))]"/>
    </record>





</odoo>
