<?xml version="1.0" encoding="utf-8"?>
<odoo>
    <data noupdate="0">

         <record id="sequence_hr_training" model="ir.sequence">
            <field name="name">hr.training</field>
            <field name="code">hr.training</field>
            <field name="prefix">TRAIN/%(year)s/</field>
            <field name="padding">3</field>
            <field name="number_increment">1</field>
        </record>
        <record id="sequence_hr_training_need" model="ir.sequence">
            <field name="name">hr.training</field>
            <field name="code">hr.training.need</field>
            <field name="prefix">NEED/%(year)s/</field>
            <field name="padding">3</field>
            <field name="number_increment">1</field>
        </record>
        <record id="sequence_hr_training_plan" model="ir.sequence">
            <field name="name">hr.training.plan</field>
            <field name="code">hr.training.plan</field>
            <field name="prefix">PLAN/</field>
            <field name="padding">3</field>
            <field name="number_increment">1</field>
        </record>
        
    </data>
</odoo>
