id,name,model_id:id,group_id:id,perm_read,perm_write,perm_create,perm_unlink
access_cancel_check_user,account_cancel_check,model_account_cancel_check,,1,1,1,1
access_not_presented,account_not_presented,model_account_not_presented_statement_line,,1,1,1,1
access_bank_no,account_bank_no,model_bank_no_journal,,1,1,1,1
access_add_check,account_add_check,model_add_check_no,,1,1,1,1
access_generate_stmt,account_generate_stmt,model_generate_stmt_journal_entries,,1,1,1,1
access_first_reconcile,account_first_reconcile,model_first_reconcile,,1,1,1,1
access_reconcile_wizard,account_reconcile_wizard,model_first_reconcile_wizard,,1,1,1,1
access_reconcilation.report.wizard,account_reconcilation_report_wizard,model_reconcilation_report_wizard,,1,1,1,1
