<?xml version="1.0" encoding="utf-8"?>
<odoo>

    <record id="module_category_hr_training" model="ir.module.category">
        <field name="name">HR Training</field>
        <field name="sequence">45</field>
    </record>

    <!-- Training Configuration Groups -->
    <record id="group_training_configuration" model="res.groups">
        <field name="name">Training Configuration</field>
        <field name="category_id" ref="module_category_hr_training"/>
        <field name="implied_ids" eval="[(4, ref('base.group_user'))]"/>
        <field name="users" eval="[(4, ref('base.user_root'))]"/>
    </record>


    <!-- Training Plan Groups -->
    <record id="group_training_plan" model="res.groups">
        <field name="name">Training Plan</field>
        <field name="category_id" ref="module_category_hr_training"/>
        <field name="implied_ids" eval="[(4, ref('base.group_user'))]"/>
        <field name="users" eval="[(4, ref('base.user_root'))]"/>
    </record>
    <record id="group_training_plan_readonly" model="res.groups">
        <field name="name">Training Plan - Readonly</field>
        <field name="category_id" ref="module_category_hr_training"/>
        <field name="implied_ids" eval="[(4, ref('base.group_user'))]"/>
        <field name="users" eval="[(4, ref('base.user_root'))]"/>
    </record>
    <record id="group_training_plan_create_edit" model="res.groups">
        <field name="name">Training Plan - Create/Edit</field>
        <field name="category_id" ref="module_category_hr_training"/>
        <field name="implied_ids" eval="[(4, ref('base.group_user'))]"/>
        <field name="users" eval="[(4, ref('base.user_root'))]"/>
    </record>
    <record id="group_training_plan_delete" model="res.groups">
        <field name="name">Training Plan - Delete</field>
        <field name="category_id" ref="module_category_hr_training"/>
        <field name="implied_ids" eval="[(4, ref('base.group_user'))]"/>
        <field name="users" eval="[(4, ref('base.user_root'))]"/>
    </record>
    <!-- Training Plan workflow Groups -->
    <record id="group_training_plan_confirm" model="res.groups">
        <field name="name">Training Plan - Confirm</field>
        <field name="category_id" ref="module_category_hr_training"/>
        <field name="implied_ids" eval="[(4, ref('group_training_plan')),(4, ref('group_training_plan_create_edit'))]"/>
        <field name="users" eval="[(4, ref('base.user_root'))]"/>
    </record>
    <record id="group_training_plan_approve" model="res.groups">
        <field name="name">Training Plan - Approve</field>
        <field name="category_id" ref="module_category_hr_training"/>
        <field name="implied_ids" eval="[(4, ref('group_training_plan')),(4, ref('group_training_plan_create_edit'))]"/>
        <field name="users" eval="[(4, ref('base.user_root'))]"/>
    </record>


    <!-- Training Groups -->
    <record id="group_hr_training" model="res.groups">
        <field name="name">Training</field>
        <field name="category_id" ref="module_category_hr_training"/>
        <field name="implied_ids" eval="[(4, ref('base.group_user'))]"/>
        <field name="users" eval="[(4, ref('base.user_root'))]"/>
    </record>
    <record id="group_hr_training_readonly" model="res.groups">
        <field name="name">Training - Readonly</field>
        <field name="category_id" ref="module_category_hr_training"/>
        <field name="implied_ids" eval="[(4, ref('base.group_user'))]"/>
        <field name="users" eval="[(4, ref('base.user_root'))]"/>
    </record>
    <record id="group_hr_training_create_edit" model="res.groups">
        <field name="name">Training - Create/Edit</field>
        <field name="category_id" ref="module_category_hr_training"/>
        <field name="implied_ids" eval="[(4, ref('base.group_user'))]"/>
        <field name="users" eval="[(4, ref('base.user_root'))]"/>
    </record>
    <record id="group_hr_training_delete" model="res.groups">
        <field name="name">Training - Delete</field>
        <field name="category_id" ref="module_category_hr_training"/>
        <field name="implied_ids" eval="[(4, ref('base.group_user'))]"/>
        <field name="users" eval="[(4, ref('base.user_root'))]"/>
    </record>
    <!-- Training workflow Groups -->
    <record id="group_hr_training_confirm" model="res.groups">
        <field name="name">Training - Confirm</field>
        <field name="category_id" ref="module_category_hr_training"/>
        <field name="implied_ids" eval="[(4, ref('group_hr_training')),(4, ref('group_hr_training_create_edit'))]"/>
        <field name="users" eval="[(4, ref('base.user_root'))]"/>
    </record>
    <record id="group_hr_training_execute" model="res.groups">
        <field name="name">Training - Execute</field>
        <field name="category_id" ref="module_category_hr_training"/>
        <field name="implied_ids" eval="[(4, ref('group_hr_training')),(4, ref('group_hr_training_create_edit'))]"/>
        <field name="users" eval="[(4, ref('base.user_root'))]"/>
    </record>
    <record id="group_hr_training_done" model="res.groups">
        <field name="name">Training - Done</field>
        <field name="category_id" ref="module_category_hr_training"/>
        <field name="implied_ids" eval="[(4, ref('group_hr_training')),(4, ref('group_hr_training_create_edit'))]"/>
        <field name="users" eval="[(4, ref('base.user_root'))]"/>
    </record>
    <!-- Transfer Groups -->
    <record id="group_hr_training_transfer_enrich" model="res.groups">
        <field name="name">Transfer Enrich</field>
        <field name="category_id" ref="module_category_hr_training"/>
        <field name="implied_ids" eval="[(4, ref('group_hr_training')),(4, ref('group_hr_training_create_edit'))]"/>
        <field name="users" eval="[(4, ref('base.user_root'))]"/>
    </record>
    <record id="group_hr_training_transfer_entity_cost" model="res.groups">
        <field name="name">Transfer Entity Cost</field>
        <field name="category_id" ref="module_category_hr_training"/>
        <field name="implied_ids" eval="[(4, ref('group_hr_training')),(4, ref('group_hr_training_create_edit'))]"/>
        <field name="users" eval="[(4, ref('base.user_root'))]"/>
    </record>


    <!-- Training Need Groups -->
    <record id="group_training_need" model="res.groups">
        <field name="name">Training Need</field>
        <field name="category_id" ref="module_category_hr_training"/>
        <field name="implied_ids" eval="[(4, ref('base.group_user'))]"/>
        <field name="users" eval="[(4, ref('base.user_root'))]"/>
    </record>
    <record id="group_training_need_readonly" model="res.groups">
        <field name="name">Training Need - Readonly</field>
        <field name="category_id" ref="module_category_hr_training"/>
        <field name="implied_ids" eval="[(4, ref('base.group_user'))]"/>
        <field name="users" eval="[(4, ref('base.user_root'))]"/>
    </record>
    <record id="group_training_need_create_edit" model="res.groups">
        <field name="name">Training Need - Create/Edit</field>
        <field name="category_id" ref="module_category_hr_training"/>
        <field name="implied_ids" eval="[(4, ref('base.group_user'))]"/>
        <field name="users" eval="[(4, ref('base.user_root'))]"/>
    </record>
    <record id="group_training_need_delete" model="res.groups">
        <field name="name">Training Need - Delete</field>
        <field name="category_id" ref="module_category_hr_training"/>
        <field name="implied_ids" eval="[(4, ref('base.group_user'))]"/>
        <field name="users" eval="[(4, ref('base.user_root'))]"/>
    </record>
    <!-- Training Need workflow Groups -->
    <record id="group_hr_training_need_confirm" model="res.groups">
        <field name="name">Training Need - Confirm</field>
        <field name="category_id" ref="module_category_hr_training"/>
        <field name="implied_ids" eval="[(4, ref('group_training_need')),(4, ref('group_training_need_create_edit'))]"/>
        <field name="users" eval="[(4, ref('base.user_root'))]"/>
    </record>
    <record id="group_hr_training_need_approve" model="res.groups">
        <field name="name">Training Need - Approve</field>
        <field name="category_id" ref="module_category_hr_training"/>
        <field name="implied_ids" eval="[(4, ref('group_training_need')),(4, ref('group_training_need_create_edit'))]"/>
        <field name="users" eval="[(4, ref('base.user_root'))]"/>
    </record>

</odoo>
