id,name,model_id:id,group_id:id,perm_read,perm_write,perm_create,perm_unlink
access_hr_training_category_training_configuration,access_hr_training_category_training_configuration,model_hr_training_category,group_training_configuration,1,1,1,1
access_hr_training_category_training_plan_readonly,access_hr_training_category_training_plan_readonly,model_hr_training_category,group_training_plan_readonly,1,0,0,0
access_hr_training_category_training_plan_create_edit,access_hr_training_category_training_plan_create_edit,model_hr_training_category,group_training_plan_create_edit,1,0,0,0
access_hr_training_category_training_plan_delete,access_hr_training_category_training_plan_delete,model_hr_training_category,group_training_plan_delete,1,0,0,0
access_hr_training_category_training_need_readonly,access_hr_training_category_training_need_readonly,model_hr_training_category,group_training_need_readonly,1,0,0,0
access_hr_training_category_training_need_create_edit,access_hr_training_category_training_need_create_edit,model_hr_training_category,group_training_need_create_edit,1,0,0,0
access_hr_training_category_training_need_delete,access_hr_training_category_training_need_delete,model_hr_training_category,group_training_need_delete,1,0,0,0
access_hr_training_category_hr_training_readonly,access_hr_training_category_hr_training_readonly,model_hr_training_category,group_hr_training_readonly,1,0,0,0
access_hr_training_category_hr_training_create_edit,access_hr_training_category_hr_training_create_edit,model_hr_training_category,group_hr_training_create_edit,1,0,0,0
access_hr_training_category_hr_training_delete,access_hr_training_category_hr_training_delete,model_hr_training_category,group_hr_training_delete,1,0,0,0
,,,,,,,
access_hr_training_course_training_configuration,access_hr_training_course_training_configuration,model_hr_training_course,group_training_configuration,1,1,1,1
access_hr_training_course_training_plan_readonly,access_hr_training_course_training_plan_readonly,model_hr_training_course,group_training_plan_readonly,1,0,0,0
access_hr_training_course_training_plan_create_edit,access_hr_training_course_training_plan_create_edit,model_hr_training_course,group_training_plan_create_edit,1,0,0,0
access_hr_training_course_training_plan_delete,access_hr_training_course_training_plan_delete,model_hr_training_course,group_training_plan_delete,1,0,0,0
access_hr_training_course_training_need_readonly,access_hr_training_course_training_need_readonly,model_hr_training_course,group_training_need_readonly,1,0,0,0
access_hr_training_course_training_need_create_edit,access_hr_training_course_training_need_create_edit,model_hr_training_course,group_training_need_create_edit,1,0,0,0
access_hr_training_course_training_need_delete,access_hr_training_course_training_need_delete,model_hr_training_course,group_training_need_delete,1,0,0,0
access_hr_training_course_group_hr_training_readonly,access_hr_training_course_group_hr_training_readonly,model_hr_training_course,group_hr_training_readonly,1,0,0,0
access_hr_training_course_hr_training_create_edit,access_hr_training_course_hr_training_create_edit,model_hr_training_course,group_hr_training_create_edit,1,0,0,0
access_hr_training_course_hr_training_delete,access_hr_training_course_hr_training_delete,model_hr_training_course,group_hr_training_delete,1,0,0,0
access_hr_training_course_hr_user,access_hr_training_course_hr_user,model_hr_training_course,hr.group_hr_user,1,0,0,0
,,,,,,,
access_res_partner_training_configuration,access_res_partner_training_configuration,model_res_partner,group_training_configuration,1,1,1,1
,,,,,,,
access_professional_capabilities_training_configuration,access_professional_capabilities_training_configuration,model_professional_capabilities,group_training_configuration,1,1,1,1
access_professional_capabilities_training_plan_readonly,access_professional_capabilities_training_plan_readonly,model_professional_capabilities,group_training_plan_readonly,1,0,0,0
access_professional_capabilities_training_plan_create_edit,access_professional_capabilities_training_plan_create_edit,model_professional_capabilities,group_training_plan_create_edit,1,0,0,0
access_professional_capabilities_training_plan_delete,access_professional_capabilities_training_plan_delete,model_professional_capabilities,group_training_plan_delete,1,0,0,0
access_professional_capabilities_training_need_readonly,access_professional_capabilities_training_need_readonly,model_professional_capabilities,group_training_need_readonly,1,0,0,0
access_professional_capabilities_training_need_create_edit,access_professional_capabilities_training_need_create_edit,model_professional_capabilities,group_training_need_create_edit,1,0,0,0
access_professional_capabilities_training_need_delete,access_professional_capabilities_training_need_delete,model_professional_capabilities,group_training_need_delete,1,0,0,0
access_professional_capabilities_hr_training_readonly,access_professional_capabilities_hr_training_readonly,model_professional_capabilities,group_hr_training_readonly,1,0,0,0
access_professional_capabilities_hr_training_create_edit,access_professional_capabilities_hr_training_create_edit,model_professional_capabilities,group_hr_training_create_edit,1,0,0,0
access_professional_capabilities_hr_training_delete,access_professional_capabilities_hr_training_delete,model_professional_capabilities,group_hr_training_delete,1,0,0,0
,,,,,,,
access_certificates_training_configuration,access_global_certificates_training_configuration,model_hr_course_certificate,group_training_configuration,1,1,1,1
access_certificates_training_plan_readonly,access_global_certificates_training_plan_readonly,model_hr_course_certificate,group_training_plan_readonly,1,0,0,0
access_certificates_training_plan_create_edit,access_global_certificates_training_plan_create_edit,model_hr_course_certificate,group_training_plan_create_edit,1,0,0,0
access_certificates_training_plan_delete,access_global_certificates_training_plan_delete,model_hr_course_certificate,group_training_plan_delete,1,0,0,0
access_certificates_training_need_readonly,access_global_certificates_training_need_readonly,model_hr_course_certificate,group_training_need_readonly,1,0,0,0
access_certificates_training_need_create_edit,access_global_certificates_training_need_create_edit,model_hr_course_certificate,group_training_need_create_edit,1,0,0,0
access_certificates_training_need_delete,access_global_certificates_training_need_delete,model_hr_course_certificate,group_training_need_delete,1,0,0,0
access_certificates_hr_training_readonly,access_global_certificates_hr_training_readonly,model_hr_course_certificate,group_hr_training_readonly,1,0,0,0
access_certificates_hr_training_create_edit,access_global_certificates_hr_training_create_edit,model_hr_course_certificate,group_hr_training_create_edit,1,0,0,0
access_certificates_hr_training_delete,access_global_certificates_hr_training_delete,model_hr_course_certificate,group_hr_training_delete,1,0,0,0
,,,,,,,
access_hr_training_plan_training_plan_readonly,access_hr_training_plan_training_plan_readonly,model_hr_training_plan,group_training_plan_readonly,1,0,0,0
access_hr_training_plan_training_plan_create_edit,access_hr_training_plan_training_plan_create_edit,model_hr_training_plan,group_training_plan_create_edit,1,1,1,0
access_hr_training_plan_training_plan_delete,access_hr_training_plan_training_plan_delete,model_hr_training_plan,group_training_plan_delete,1,0,0,1
access_hr_training_plan_training_need_readonly,access_hr_training_plan_training_need_readonly,model_hr_training_plan,group_training_need_readonly,1,0,0,0
access_hr_training_plan_training_need_create_edit,access_hr_training_plan_training_need_create_edit,model_hr_training_plan,group_training_need_create_edit,1,0,0,0
access_hr_training_plan_training_need_delete,access_hr_training_plan_training_need_delete,model_hr_training_plan,group_training_need_delete,1,0,0,0
access_hr_training_plan_hr_training_readonly,access_hr_training_plan_hr_training_readonly,model_hr_training_plan,group_hr_training_readonly,1,0,0,0
access_hr_training_plan_hr_training_create_edit,access_hr_training_plan_hr_training_create_edit,model_hr_training_plan,group_hr_training_create_edit,1,0,0,0
access_hr_training_plan_hr_training_delete,access_hr_training_plan_hr_training_delete,model_hr_training_plan,group_hr_training_delete,1,0,0,0
,,,,,,,
access_hr_training_training_need_readonly,access_training_need_readonly_hr_training,model_hr_training,group_training_need_readonly,1,0,0,0
access_hr_training_training_need_create_edit,access_training_need_create_edit_hr_training,model_hr_training,group_training_need_create_edit,1,1,1,0
access_hr_training_training_need_delete,access_training_need_delete_hr_training,model_hr_training,group_training_need_delete,1,0,0,1
access_hr_training_hr_training_readonly,access_hr_training_readonly_hr_training,model_hr_training,group_hr_training_readonly,1,0,0,0
access_hr_training_hr_training_create_edit,access_hr_training_create_edit_hr_training,model_hr_training,group_hr_training_create_edit,1,1,1,0
access_hr_training_hr_training_delete,access_hr_training_delete_hr_training,model_hr_training,group_hr_training_delete,1,0,0,1
,,,,,,,
access_hr_training_employee_training_need_readonly,access_hr_training_employee_training_need_readonly,model_hr_training_employee,group_training_need_readonly,1,0,0,0
access_hr_training_employee_training_need_create_edit,access_hr_training_employee_training_need_create_edit,model_hr_training_employee,group_training_need_create_edit,1,1,1,0
access_hr_training_employee_training_need_delete,access_hr_training_employee_training_need_delete,model_hr_training_employee,group_training_need_delete,1,0,0,1
access_hr_training_employee_hr_training_readonly,access_hr_training_employee_hr_training_readonly,model_hr_training_employee,group_hr_training_readonly,1,0,0,0
access_hr_training_employee_hr_training_create_edit,access_hr_training_employee_hr_training_create_edit,model_hr_training_employee,group_hr_training_create_edit,1,1,1,0
access_hr_training_employee_hr_training_delete,access_hr_training_employee_hr_training_delete,model_hr_training_employee,group_hr_training_delete,1,0,0,1
access_hr_training_employee_hr_user,access_hr_training_employee_hr_user,model_hr_training_employee,hr.group_hr_user,1,0,0,0
,,,,,,,
accesee_training_need_wizard_training_need_readonly,accesee_training_need_wizard_training_need_readonly,model_training_need_wizard,group_training_need_readonly,1,1,1,1
access_training_need_wizard_training_need_create_edit,access_training_need_wizard_training_need_create_edit,model_training_need_wizard,group_training_need_create_edit,1,1,1,1
access_training_need_wizard_training_need_delete,access_training_need_wizard_training_need_delete,model_training_need_wizard,group_training_need_delete,1,1,1,1
,,,,,,,
access_survey_survey_training_configuration,access_survey_survey_training_configuration,model_survey_survey,group_training_configuration,1,1,1,1
