<?xml version="1.0" encoding="UTF-8"?>
<odoo>
    <t t-name="hr_skills.ResumeListRenderer.RecordRow" owl="1" t-inherit-mode="primary" t-inherit="hr_skills.ResumeListRenderer.RecordRow">
       <xpath expr="//h4[hasclass('o_resume_line_title')]" position="after">
            <p t-if="data.qualification_id" class="o_resume_line_title mt-2" t-esc="data.qualification"/>
           <p t-if="data.specialization_id" class="o_resume_line_title mt-2" t-esc="data.specialization"/>
       </xpath>
        <xpath expr="//p[hasclass('o_resume_line_desc')]" position="before">
            <t t-if="data.qualification"> degree <t class="o_resume_line_desc" t-esc="data.qualification"/> ,</t>
            <t t-if="data.specialization" class="o_resume_line_desc" t-esc="data.specialization"/>
       </xpath>
        <xpath expr="//small[hasclass('o_resume_line_dates')]" position="inside">
            . <t t-if="data.year"><t t-esc="data.year"/> yrs</t> <t t-if="data.month"><t t-esc="data.month"/> mos</t>
    </xpath>
    </t>
</odoo>
