<?xml version="1.0" encoding="utf-8"?>
<odoo>
<data noupdate="1">

    <!--  Profit and Loss  -->
    <record id="account_financial_report_profitandloss" model="account.financial.report">
        <field name="name">Profit and Loss</field>
        <field name="sign">-1</field>
        <field name="type">sum</field>
        <field name="style_overwrite"></field>
    </record>

        <record id="account_financial_report_income" model="account.financial.report">
            <field name="name">Income</field>
            <field name="sign">-1</field>
            <field name="parent_id" ref="account_financial_report_profitandloss"/>
            <field name="display_detail">no_detail</field>
            <field name="type">sum</field>
            <field name="sequence">1</field>
            <field name="style_overwrite">0</field>
            <field name="display_amount">False</field>
        </record>
            <record id="account_financial_report_DirectIncome" model="account.financial.report">
                <field name="name">Direct Income</field>
                <field name="sign">-1</field>
                <field name="parent_id" ref="account_financial_report_income"/>
                <field name="display_detail">no_detail</field>
                <field name="type">account_domain</field>
                <field name="domain">[('account_type','in',['income'])]</field>
                <field name="sequence">1</field>
                <field name="detail_number">1</field>
                <field name="style_overwrite">4</field>
            </record>
            <record id="account_financial_report_otherIncome" model="account.financial.report">
                <field name="name">Other Income</field>
                <field name="sign">-1</field>
                <field name="parent_id" ref="account_financial_report_income"/>
                <field name="display_detail">no_detail</field>
                <field name="type">account_domain</field>
                <field name="domain">[('account_type','in',['income_other'])]</field>
                <field name="sequence">2</field>
                <field name="detail_number">2</field>
                <field name="style_overwrite">4</field>
            </record>
        <record id="account_financial_report_totalIncome" model="account.financial.report">
            <field name="name">Total Income</field>
            <field name="sign">-1</field>
            <field name="parent_id" ref="account_financial_report_profitandloss"/>
            <field name="display_detail">no_detail</field>
            <field name="type">account_report</field>
            <field name="account_report_id" ref="account_financial_report_income"/>
            <field name="sequence">2</field>
            <field name="style_overwrite">0</field>
        </record>

        <record id="account_financial_report_expense" model="account.financial.report">
            <field name="name">Expense</field>
            <field name="parent_id" ref="account_financial_report_profitandloss"/>
            <field name="display_detail">no_detail</field>
            <field name="type">sum</field>
            <field name="sequence">3</field>
            <field name="style_overwrite">0</field>
            <field name="display_amount">False</field>
        </record>
            <record id="account_financial_report_directExpense" model="account.financial.report">
                <field name="name">Direct Expense</field>
                <field name="parent_id" ref="account_financial_report_expense"/>
                <field name="display_detail">no_detail</field>
                <field name="type">account_domain</field>
                <field name="domain">[('account_type','in',['expense_direct_cost'])]</field>
                <field name="sequence">1</field>
                <field name="detail_number">3</field>
                <field name="style_overwrite">4</field>
            </record>
            <record id="account_financial_report_otherExpense" model="account.financial.report">
                <field name="name">Other Expense</field>
                <field name="parent_id" ref="account_financial_report_expense"/>
                <field name="display_detail">no_detail</field>
                <field name="type">account_domain</field>
                <field name="domain">[('account_type','in',['expense','expense_depreciation'])]</field>
                <field name="sequence">2</field>
                <field name="detail_number">4</field>
                <field name="style_overwrite">4</field>
            </record>
        <record id="account_financial_report_totalExpense" model="account.financial.report">
            <field name="name">Total Expense</field>
            <field name="parent_id" ref="account_financial_report_profitandloss"/>
            <field name="display_detail">no_detail</field>
            <field name="type">account_report</field>
            <field name="account_report_id" ref="account_financial_report_expense"/>
            <field name="sequence">4</field>
            <field name="style_overwrite">0</field>
        </record>
        <record id="account_financial_report_totalprofitandloss" model="account.financial.report">
            <field name="name">Total Profit</field>
            <field name="sign">-1</field>
            <field name="parent_id" ref="account_financial_report_profitandloss"/>
            <field name="display_detail">no_detail</field>
            <field name="type">account_domain</field>
            <field name="domain">[('account_type','in',['income','income_other','expense_direct_cost','expense','expense_depreciation'])]</field>
            <field name="sequence">5</field>
            <field name="style_overwrite">0</field>
        </record>

    <!--  Balance Sheet  -->
    <record id="account_financial_report_balancesheet" model="account.financial.report">
        <field name="name">Balance Sheet</field>
        <field name="type">sum</field>
        <field name="style_overwrite"></field>
    </record>

        <record id="account_financial_report_assets" model="account.financial.report">
            <field name="name">Assets</field>
            <field name="parent_id" ref="account_financial_report_balancesheet"/>
            <field name="display_detail">no_detail</field>
            <field name="type">sum</field>
            <field name="sequence">1</field>
            <field name="style_overwrite">0</field>
            <field name="display_amount">False</field>
        </record>

            <record id="account_financial_report_NonCurrentAssets" model="account.financial.report">
                <field name="name">Non Current Assets</field>
                <field name="parent_id" ref="account_financial_report_assets"/>
                <field name="display_detail">no_detail</field>
                <field name="type">sum</field>
                <field name="sequence">1</field>
                <field name="style_overwrite">2</field>
                <field name="display_amount">False</field>
            </record>

                <record id="account_financial_report_FixedAssets" model="account.financial.report">
                    <field name="name">Fixed Assets</field>
                    <field name="parent_id" ref="account_financial_report_NonCurrentAssets"/>
                    <field name="display_detail">no_detail</field>
                    <field name="type">account_domain</field>
                    <field name="domain">[('account_type','in',['asset_fixed'])]</field>
                    <field name="sequence">1</field>
                    <field name="detail_number">1</field>
                    <field name="style_overwrite">4</field>
                </record>
                <record id="account_financial_report_CashAssets" model="account.financial.report">
                    <field name="name">Cash</field>
                    <field name="parent_id" ref="account_financial_report_NonCurrentAssets"/>
                    <field name="display_detail">no_detail</field>
                    <field name="type">account_domain</field>
                    <field name="domain">[('account_type','in',['asset_cash'])]</field>
                    <field name="sequence">2</field>
                    <field name="detail_number">2</field>
                    <field name="style_overwrite">4</field>
                </record>
                <record id="account_financial_report_NonCurrentAssets01" model="account.financial.report">
                    <field name="name">Non Current Assets</field>
                    <field name="parent_id" ref="account_financial_report_NonCurrentAssets"/>
                    <field name="display_detail">no_detail</field>
                    <field name="type">account_domain</field>
                    <field name="domain">[('account_type','in',['asset_non_current'])]</field>
                    <field name="sequence">3</field>
                    <field name="detail_number">3</field>
                    <field name="style_overwrite">4</field>
                </record>
            <record id="account_financial_report_totalNonCurrentAssets" model="account.financial.report">
                <field name="name">Total Non Current Assets</field>
                <field name="parent_id" ref="account_financial_report_assets"/>
                <field name="display_detail">no_detail</field>
                <field name="type">account_report</field>
                <field name="account_report_id" ref="account_financial_report_NonCurrentAssets"/>
                <field name="sequence">2</field>
                <field name="style_overwrite">2</field>
            </record>

            <record id="account_financial_report_CurrentAssets" model="account.financial.report">
                <field name="name">Current Assets</field>
                <field name="parent_id" ref="account_financial_report_assets"/>
                <field name="display_detail">no_detail</field>
                <field name="type">sum</field>
                <field name="sequence">3</field>
                <field name="style_overwrite">2</field>
                <field name="display_amount">False</field>
            </record>

                <record id="account_financial_report_CurrentAssets01" model="account.financial.report">
                    <field name="name">Current Assets</field>
                    <field name="parent_id" ref="account_financial_report_CurrentAssets"/>
                    <field name="display_detail">no_detail</field>
                    <field name="type">account_domain</field>
                    <field name="domain">[('account_type','in',['asset_current'])]</field>
                    <field name="sequence">1</field>
                    <field name="detail_number">4</field>
                    <field name="style_overwrite">4</field>
                </record>
                <record id="account_financial_report_Receivable" model="account.financial.report">
                    <field name="name">Receivables</field>
                    <field name="parent_id" ref="account_financial_report_CurrentAssets"/>
                    <field name="display_detail">no_detail</field>
                    <field name="type">account_domain</field>
                    <field name="domain">[('account_type','in',['asset_receivable'])]</field>
                    <field name="sequence">2</field>
                    <field name="detail_number">5</field>
                    <field name="style_overwrite">4</field>
                </record>
                <record id="account_financial_report_Prepayments" model="account.financial.report">
                    <field name="name">Prepayments</field>
                    <field name="parent_id" ref="account_financial_report_CurrentAssets"/>
                    <field name="display_detail">no_detail</field>
                    <field name="type">account_domain</field>
                    <field name="domain">[('account_type','in',['asset_prepayments'])]</field>
                    <field name="sequence">3</field>
                    <field name="detail_number">6</field>
                    <field name="style_overwrite">4</field>
                </record>
            <record id="account_financial_report_totalCurrentAssets" model="account.financial.report">
                <field name="name">Total Current Assets</field>
                <field name="parent_id" ref="account_financial_report_assets"/>
                <field name="display_detail">no_detail</field>
                <field name="type">account_report</field>
                <field name="account_report_id" ref="account_financial_report_CurrentAssets"/>
                <field name="sequence">4</field>
                <field name="style_overwrite">2</field>
            </record>
        <record id="account_financial_report_totalAssets" model="account.financial.report">
            <field name="name">Total Assets</field>
            <field name="parent_id" ref="account_financial_report_balancesheet"/>
            <field name="display_detail">no_detail</field>
            <field name="type">account_report</field>
            <field name="account_report_id" ref="account_financial_report_assets"/>
            <field name="sequence">2</field>
            <field name="style_overwrite">0</field>
        </record>


        <record id="account_financial_report_liabilityEquity" model="account.financial.report">
            <field name="name">Liability and Equity</field>
            <field name="sign">-1</field>
            <field name="parent_id" ref="account_financial_report_balancesheet"/>
            <field name="display_detail">no_detail</field>
            <field name="type">sum</field>
            <field name="sequence">3</field>
            <field name="style_overwrite">0</field>
            <field name="display_amount">False</field>
        </record>

            <record id="account_financial_report_liability" model="account.financial.report">
                <field name="name">Liability</field>
                <field name="sign">-1</field>
                <field name="parent_id" ref="account_financial_report_liabilityEquity"/>
                <field name="display_detail">no_detail</field>
                <field name="type">sum</field>
                <field name="sequence">1</field>
                <field name="style_overwrite">2</field>
                <field name="display_amount">False</field>
            </record>
                <record id="account_financial_report_NonCurrentLiability" model="account.financial.report">
                    <field name="name">Non Current Liability</field>
                    <field name="sign">-1</field>
                    <field name="parent_id" ref="account_financial_report_liability"/>
                    <field name="display_detail">no_detail</field>
                    <field name="type">account_domain</field>
                    <field name="domain">[('account_type','in',['liability_non_current'])]</field>
                    <field name="sequence">1</field>
                    <field name="detail_number">7</field>
                    <field name="style_overwrite">4</field>
                </record>
                <record id="account_financial_report_CurrentLiability" model="account.financial.report">
                    <field name="name">Current Liability</field>
                    <field name="sign">-1</field>
                    <field name="parent_id" ref="account_financial_report_liability"/>
                    <field name="display_detail">no_detail</field>
                    <field name="type">account_domain</field>
                    <field name="domain">[('account_type','in',['liability_current'])]</field>
                    <field name="sequence">2</field>
                    <field name="detail_number">8</field>
                    <field name="style_overwrite">4</field>
                </record>
                <record id="account_financial_report_Payables" model="account.financial.report">
                    <field name="name">Payables</field>
                    <field name="sign">-1</field>
                    <field name="parent_id" ref="account_financial_report_liability"/>
                    <field name="display_detail">no_detail</field>
                    <field name="type">account_domain</field>
                    <field name="domain">[('account_type','in',['liability_payable'])]</field>
                    <field name="sequence">3</field>
                    <field name="detail_number">9</field>
                    <field name="style_overwrite">4</field>
                </record>
            <record id="account_financial_report_totalLiability" model="account.financial.report">
                <field name="name">Total Liability</field>
                <field name="sign">-1</field>
                <field name="parent_id" ref="account_financial_report_liabilityEquity"/>
                <field name="display_detail">no_detail</field>
                <field name="type">account_report</field>
                <field name="account_report_id" ref="account_financial_report_liability"/>
                <field name="sequence">2</field>
                <field name="style_overwrite">2</field>
            </record>

            <record id="account_financial_report_equity" model="account.financial.report">
                <field name="name">Equity</field>
                <field name="sign">-1</field>
                <field name="parent_id" ref="account_financial_report_liabilityEquity"/>
                <field name="display_detail">no_detail</field>
                <field name="type">sum</field>
                <field name="sequence">3</field>
                <field name="style_overwrite">2</field>
                <field name="display_amount">False</field>
            </record>

                <record id="account_financial_report_equity01" model="account.financial.report">
                    <field name="name">Equity</field>
                    <field name="sign">-1</field>
                    <field name="parent_id" ref="account_financial_report_equity"/>
                    <field name="display_detail">no_detail</field>
                    <field name="type">account_domain</field>
                    <field name="domain">[('account_type','in',['equity'])]</field>
                    <field name="sequence">1</field>
                    <field name="detail_number">10</field>
                    <field name="style_overwrite">4</field>
                </record>
                <record id="account_financial_report_equityUnaffected" model="account.financial.report">
                    <field name="name">Current Year Earnings</field>
                    <field name="sign">-1</field>
                    <field name="parent_id" ref="account_financial_report_equity"/>
                    <field name="display_detail">no_detail</field>
                    <field name="type">account_domain</field>
                    <field name="domain">[('account_type','in',['equity_unaffected'])]</field>
                    <field name="sequence">1</field>
                    <field name="detail_number">11</field>
                    <field name="style_overwrite">4</field>
                </record>
                <record id="account_financial_report_profitandlossValue" model="account.financial.report">
                    <field name="name">Profit and Loss</field>
                    <field name="sign">-1</field>
                    <field name="parent_id" ref="account_financial_report_equity"/>
                    <field name="display_detail">no_detail</field>
                    <field name="type">account_report</field>
                    <field name="account_report_id" ref="account_financial_report_totalprofitandloss"/>
                    <field name="sequence">2</field>
                    <field name="style_overwrite">4</field>
                </record>
            <record id="account_financial_report_totalEquity" model="account.financial.report">
                <field name="name">Total Equity</field>
                <field name="sign">-1</field>
                <field name="parent_id" ref="account_financial_report_liabilityEquity"/>
                <field name="display_detail">no_detail</field>
                <field name="type">account_report</field>
                <field name="account_report_id" ref="account_financial_report_equity"/>
                <field name="sequence">4</field>
                <field name="style_overwrite">2</field>
            </record>
        <record id="account_financial_report_totalLiabilityEquity" model="account.financial.report">
            <field name="name">Total Liability and Equity</field>
            <field name="sign">-1</field>
            <field name="parent_id" ref="account_financial_report_balancesheet"/>
            <field name="display_detail">no_detail</field>
            <field name="type">account_report</field>
            <field name="account_report_id" ref="account_financial_report_liabilityEquity"/>
            <field name="sequence">4</field>
            <field name="style_overwrite">0</field>
        </record>
</data>
</odoo>
