<?xml version="1.0" encoding="UTF-8" ?>
<odoo>
    <data>
        <record id="employee_information_wizard_view" model="ir.ui.view">
            <field name="name">Employee Statement</field>
            <field name="model">hr.employee.information</field>
            <field name="arch" type="xml">
                <form>

                    <group col="2" colspan="2">
                        <!--field name="statement_type" required="1"/-->
                        <field name="service"/>
                        <field name="job_ids" widget="many2many_tags"/>
                        <field name="department_ids" widget="many2many_tags"/>
                        <field name="with_child" />
                        <field name="level_ids" widget="many2many_tags"/>
                        <field name="degree_ids" widget="many2many_tags"/>
                        <field name="view_dates" />
                    </group>

                    <footer>
                        <button name="print_report" string="Print" type="object" class="btn-primary"/>
                        <button string="Cancel" special="cancel" class="btn-default"/>
                    </footer>
                </form>
            </field>
        </record>

        <record id="hr_employee_information_action" model="ir.actions.act_window">
            <field name="name">Employee Statement</field>
            <field name="res_model">hr.employee.information</field>
            <field name="view_type">form</field>
            <field name="view_mode">form</field>
            <field name="target">new</field>
            <field name="type">ir.actions.act_window</field>
        </record>

        <menuitem id="hr_employee_information_menu"
                  name="Employee Statement"
                  parent="hr_custom.hr_reporting"
                  action="hr_employee_information_action"
        />

        

        <record id="employee_bank_statement_view" model="ir.ui.view">
            <field name="name">Employee's salary Statement</field>
            <field name="model">employee.bank.statement</field>
            <field name="arch" type="xml">
                <form>
                    <group string="Salary Statement Month &amp; Year">
                        <field name="year"/>
                        <field name="months"/>
                    </group>
                    <footer>
                        <button name="print_report" string="Print" type="object" class="btn-primary"/>
                        <button string="Cancel" special="cancel" class="btn-default"/>
                    </footer>
                </form>
            </field>
        </record>

        <record id="employee_bank_statement_action" model="ir.actions.act_window">
            <field name="name">Employee's Bank Statement</field>
            <field name="res_model">employee.bank.statement</field>
            <field name="view_mode">form</field>
            <field name="view_type">form</field>
            <field name="target">new</field>
            <field name="type">ir.actions.act_window</field>
        </record>

        <!--menuitem id="salary_bank_statement_menu"
                  name="Salary Bank Statement"
                  parent="menu_hr_reports"
                  action="employee_bank_statement_action"/-->


        <record id="employee_salary_employee_certificate" model="ir.ui.view">
            <field name="name">Employee's salary</field>
            <field name="model">certificate.of.salary.temp.wiz</field>
            <field name="arch" type="xml">
                <form>
                    <group string="Salary adjustment Month &amp; Year">
                        <field name="year"/>
                        <field name="months"/>
                    </group>

                    <footer>
                        <button name="print_report" string="Print" type="object" class="btn-primary"/>
                        <button string="Cancel" special="cancel" class="btn-default"/>
                    </footer>

                </form>
            </field>
        </record>

        <record id="employee_salary_employee_certificate_action" model="ir.actions.act_window">
            <field name="name">Employee's salary</field>
            <field name="res_model">certificate.of.salary.temp.wiz</field>
            <field name="view_mode">form</field>
            <field name="view_type">form</field>
            <field name="target">new</field>
            <field name="type">ir.actions.act_window</field>
            <field name="binding_model_id" ref="hr.model_hr_employee" />
            <field name="binding_type">report</field>
        </record>

        <!--record model="ir.values" id="employees_salary_report_value">
            <field name="model_id" ref="hr.model_hr_employee" />
            <field name="name">Employees Salary Report</field>
            <field name="key2">client_print_multi</field>
            <field name="value" eval="'ir.actions.act_window,' + str(ref('employee_salary_adjustment_all_certificate'))" />
            <field name="key">action</field>
            <field name="model">hr.employee</field>
        </record-->




        <record id="promotion_employee_information_wizard_view" model="ir.ui.view">
            <field name="name">Employee Promotions</field>
            <field name="model">hr.promotion.employee.information</field>
            <field name="arch" type="xml">
                <form>

                    <group col="2" colspan="2">
                        <field name="report_type" widget="radio"/>
                        <field name="start_date" attrs="{'invisible':[('report_type','=','last_promo')]}" />
                        <field name="end_date" attrs="{'invisible':[('report_type','=','last_promo')]}" />
                    </group>

                    <footer>
                        <button name="print_report" string="Print" type="object" class="btn-primary"/>
                        <button string="Cancel" special="cancel" class="btn-default"/>
                    </footer>
                </form>
            </field>
        </record>

        <record id="hr_promotion_employee_information_action" model="ir.actions.act_window">
            <field name="name">Employee Promotions</field>
            <field name="res_model">hr.promotion.employee.information</field>
            <field name="view_type">form</field>
            <field name="view_mode">form</field>
            <field name="target">new</field>
            <field name="type">ir.actions.act_window</field>
        </record>

        <menuitem id="hr_promotion_employee_information_menu"
                  name="Employee Promotions"
                  parent="hr_custom.hr_reporting"
                  action="hr_promotion_employee_information_action"
        />

    </data>
</odoo>
