<?xml version="1.0" encoding="UTF-8" ?>
<odoo>
    <data>
        <template id="hr_report_informatio_report">
            <t t-call="web.html_container">
                <t t-call="web.external_layout">
                    <div class="page">

                        <center>
                            <p style="font-size:20px;text-align:center;font-weight:bold;">بيانات الموظفين</p>
                        </center>
                        <body>
                            <div dir="rtl">
                                <table class="table table-bordered col-xs-12">
                                    <thead>
                                        <tr>
                                            <t t-if="view_dates == True">
                                                <th class="text-center" style="width: 3%">م</th>
                                            </t>
                                            <th class="text-center" style="width: 4%">الرقم</th>
                                            <th class="text-center" style="width: 20%">الإسم</th>
                                            <th class="text-center" style="width: 20%">الوظيفة</th>
                                            <t t-if="view_dates != True">
                                                <th class="text-center" style="width: 30%">القسم</th>
                                            </t>
                                            <t t-if="view_dates != True">
                                                <th class="text-center" style="width: 20%">الفئة</th>
                                            </t>
                                            <th class="text-center" style="width: 10%">الدرجة</th>
<th class="text-center" style="width: 10%">???????</th>
                                            <t t-if="view_dates == True">
                                                <th class="text-center" style="width: 8%">تاريخ الميلاد</th>
                                                <th class="text-center" style="width: 8%">تاريخ الإلتحاق</th>
                                                <th class="text-center" style="width: 8%">تاريخ أول تعيين</th>
                                                <th class="text-center" style="width: 8%">تاريخ البدء</th>
                                                <th class="text-center" style="width: 30%">المؤهلات</th>
                                            </t>
                                            <t t-if="view_dates != True">
                                                <th class="text-center" style="width: 15%">الحالة الإجتماعية</th>
                                            </t>
                                        </tr>
                                    </thead>
                                    <tbody>
                                        <t t-set="count" t-value="0"/>
                                        <t t-foreach="len(docs)" t-as="doc">
                                            <t t-set="count" t-value="count+1"/>
                                            <tr>
                                                <t t-if="view_dates == True">
                                                    <td>
                                                        <t t-esc="count"/>
                                                    </td>
                                                </t>
                                                <td>
                                                    <t t-esc="docs[doc]['emp_code']"/>
                                                </td>
                                                <td>
                                                    <t t-esc="docs[doc]['name']"/>
                                                </td>

                                                <td>
                                                    <t t-esc="docs[doc]['job']"/>
                                                </td>
                                                <t t-if="view_dates != True">
                                                    <td>
                                                        <t t-esc="docs[doc]['department']"/>
                                                    </td>
                                                </t>
                                                <t t-if="view_dates != True">
                                                    <td>
                                                        <t t-esc="docs[doc]['levels']"/>
                                                    </td>
                                                </t>
                                                <td>
                                                    <t t-esc="docs[doc]['grade']"/>
                                                </td>
<td>
                                                    <t t-esc="docs[doc]['degree']"/>
                                                </td>
                                                <t t-if="view_dates == True">
                                                    <td>
                                                        <t t-esc="docs[doc]['birthday']"/>
                                                    </td>
                                                    <td>
                                                        <t t-esc="docs[doc]['job_join_date']"/>
                                                    </td>
                                                    <td>
                                                        <t t-esc="docs[doc]['first_employement_date']"/>
                                                    </td>
                                                    <td>
                                                        <t t-esc="docs[doc]['start_date']"/>
                                                    </td>
                                                    <td>
                                                        <table>
                                                            <t t-foreach="docs[doc]['qualify']" t-as="q">
                                                                <tr>
                                                                    <td>
                                                                        <t t-esc="q"/>
                                                                    </td>
                                                                    <t t-foreach="docs[doc]['qualify'][q]"
                                                                       t-as="q_list">
                                                                        <td>
                                                                            <t t-esc="q_list"/>
                                                                        </td>
                                                                    </t>
                                                                </tr>
                                                            </t>
                                                        </table>
                                                    </td>
                                                </t>
                                                <t t-if="view_dates != True">
                                                    <td>
                                                        <t t-if="docs[doc]['marital'] == 'single'">
                                                            <span>أعزب</span>
                                                        </t>
                                                        <t t-if="docs[doc]['marital'] == 'married'">
                                                            <span>متزوج</span>
                                                        </t>
                                                        <t t-if="docs[doc]['marital'] == 'divorced'">
                                                            <span>مطلق</span>
                                                        </t>
                                                        <t t-if="docs[doc]['marital'] == 'Widower'">
                                                            <span>أرمل</span>
                                                        </t>
                                                    </td>
                                                </t>
                                            </tr>
                                        </t>
                                    </tbody>
                                </table>
                            </div>

                        </body>

                    </div>
                    <p style="page-break-after:always"></p>
                </t>
            </t>
        </template>


        <!-- ######################################## Secound Report Template ###################################  -->


        <!-- ##################################################################### Third Report ############################################ -->

        <template id="employee_bank_statement_report">
            <t t-call="web.html_container">
                <t t-call="web.basic_layout">
                    <div class="page">
                        <center>
                            <table>
                                <tr>
                                    <td>
                                        <center>
                                            <img src="/hr_payroll_custom/static/zakat_report/z.png" width="150"/>
                                        </center>
                                    </td>
                                    <td width="130%">
                                        <center>
                                            <b>كشف مرتبات العاملين</b>
                                        </center>

                                    </td>
                                    <td>
                                        <center>
                                            <img src="/hr_payroll_custom/static/zakat_report/z.png" width="150"/>
                                        </center>
                                    </td>
                                </tr>
                            </table>
                        </center>
                        <br/>
                        <br/>
                        <br/>

                        <body>
                            <div dir="rtl">
                                <table class="minimalistBlack">
                                    <thead>
                                        <tr>
                                            <th>الرقم</th>
                                            <th>الإسم</th>
                                            <th>رقم الحساب</th>
                                            <th>صافي المرتب</th>
                                        </tr>
                                    </thead>
                                    <tbody>
                                        <t t-foreach="len(docs)" t-as="doc">
                                            <tr>
                                                <td>
                                                    <t t-esc="docs[doc]['employee_code']"/>
                                                </td>
                                                <td>
                                                    <t t-esc="docs[doc]['name']"/>
                                                </td>
                                                <td>
                                                    <t t-esc="docs[doc]['acc_number']"/>
                                                </td>
                                                <td>
                                                    <t t-esc="docs[doc]['total']"/>
                                                </td>
                                            </tr>
                                        </t>
                                    </tbody>
                                </table>
                            </div>

                        </body>
                        <!--############################## Table Style ###########################-->
                        <style type="text/css">

                            table.minimalistBlack tbody {
                            background: #fafafa url(https://jackrugile.com/images/misc/noise-diagonal.png);
                            color: #444;
                            font: 100%/30px 'Helvetica Neue', helvetica, arial, sans-serif;
                            text-shadow: 0 1px 0 #fff;
                            }

                            table.minimalistBlack strong {
                            font-weight: bold;
                            }

                            em {
                            font-style: italic;
                            }

                            table.minimalistBlack {
                            background: #f5f5f5;
                            border-collapse: separate;
                            box-shadow: inset 0 1px 0 #fff;
                            font-size: 12px;
                            line-height: 24px;
                            margin: 30px auto;
                            text-align: center;
                            width: 800px;

                            }

                            table.minimalistBlack th {
                            background-color:#34495e;
                            border-left: 1px solid #555;
                            border-right: 1px solid #777;
                            border-top: 1px solid #555;
                            border-bottom: 1px solid #333;
                            box-shadow: inset 0 1px 0 #999;
                            color: #fff;
                            font-weight: bold;
                            padding: 10px 15px;
                            position: relative;
                            text-shadow: 0 1px 0 #000;

                            }

                            table.minimalistBlack th:after {
                            background: linear-gradient(rgba(255,255,255,0), rgba(255,255,255,.08));
                            content: '';
                            display: block;
                            height: 25%;
                            left: 0;
                            margin: 1px 0 0 0;
                            position: absolute;
                            top: 25%;
                            width: 100%;
                            }

                            table.minimalistBlack th:first-child {
                            border-left: 1px solid #777;
                            box-shadow: inset 1px 1px 0 #999;
                            }

                            table.minimalistBlack th:last-child {
                            box-shadow: inset -1px 1px 0 #999;
                            }

                            tabel.minimalistBlack td {
                            border-right: 1px solid #fff;
                            border-left: 1px solid #e8e8e8;
                            border-top: 1px solid #fff;
                            border-bottom: 1px solid #e8e8e8;
                            padding: 10px 15px;
                            position: relative;
                            transition: all 300ms;
                            }

                            table.minimalistBlack td:first-child {
                            box-shadow: inset 1px 0 0 #fff;
                            }

                            table.minimalistBlack td:last-child {
                            border-right: 1px solid #e8e8e8;
                            box-shadow: inset -1px 0 0 #fff;
                            }

                            table.minimalistBlack tr {
                            background: url(https://jackrugile.com/images/misc/noise-diagonal.png);
                            }

                            table.minimalistBlack tr:nth-child(odd) td {
                            background: #f1f1f1 url(https://jackrugile.com/images/misc/noise-diagonal.png);
                            }

                            table.minimalistBlack tr:last-of-type td {
                            box-shadow: inset 0 -1px 0 #fff;
                            }

                            table.minimalistBlack tr:last-of-type td:first-child {
                            box-shadow: inset 1px -1px 0 #fff;
                            }

                            table.minimalistBlack tr:last-of-type td:last-child {
                            box-shadow: inset -1px -1px 0 #fff;
                            }

                            tbody:hover td {
                            color: transparent;
                            text-shadow: 0 0 3px #aaa;
                            }

                            tbody:hover tr:hover td {
                            color: #444;
                            text-shadow: 0 1px 0 #fff;
                            }

                            body {

                            font-family: "Arial", "serif","Times New Roman","Traditional Arabic", "Arabic Typesetting",
                            "Geeza Pro", "Nadeem",
                            "Al Bayan", "DecoType Naskh", "DejaVu Serif",
                            "STFangsong", "STHeiti", "STKaiti", "STSong",
                            "AB AlBayan", "AB Geeza", "AB Kufi", "DecoType Naskh",
                            "Aldhabi", "Andalus", "Sakkal Majalla", "Simplified Arabic",
                            "Urdu Typesetting",
                            "Droid Naskh", "Droid Kufi", "Roboto", "Tahoma" ;
                            font-style: normal;
                            font-weight: 70px;
                            bottom: 10px;
                            top: 1px;
                            font-size: 180%;

                            }

                            table
                            {
                            font-size: 100%;
                            }

                            p{
                            white-space: pre;

                            }

                        </style>
                    </div>
                </t>
            </t>
        </template>


        <template id="certificate_of_salary_temp">
            <t t-call="web.html_container">
                <!--t t-call="web.external_layout"-->
                <t t-set="data_report_margin_top" t-value="0"/>
                <t t-set="data_report_header_spacing" t-value="0"/>
                <t t-set="data_report_dpi" t-value="110"/>
                <t t-set="total" t-value="0"/>
                <t t-set="total1" t-value="0"/>
                <t t-set="tot" t-value="0"/>
                <t t-call="web.external_layout">
                    <html>
                        <head>


                            <style type="text/css">

                                table.minimalistBlack tbody {
                                background: #fafafa url(https://jackrugile.com/images/misc/noise-diagonal.png);
                                color: #444;
                                font: 100%/30px 'Helvetica Neue', helvetica, arial, sans-serif;
                                text-shadow: 0 1px 0 #fff;
                                }

                                table.minimalistBlack strong {
                                font-weight: bold;
                                }

                                em {
                                font-style: italic;
                                }

                                table.minimalistBlack {
                                background: #f5f5f5;
                                border-collapse: separate;
                                box-shadow: inset 0 1px 0 #fff;
                                font-size: 12px;
                                line-height: 24px;
                                margin: 30px auto;
                                text-align: center;
                                width: 800px;

                                }

                                table.minimalistBlack th {
                                background-color:#34495e;
                                border-left: 1px solid #555;
                                border-right: 1px solid #777;
                                border-top: 1px solid #555;
                                border-bottom: 1px solid #333;
                                box-shadow: inset 0 1px 0 #999;
                                color: #fff;
                                font-weight: bold;
                                padding: 10px 15px;
                                position: relative;
                                text-shadow: 0 1px 0 #000;

                                }

                                table.minimalistBlack th:after {
                                background: linear-gradient(rgba(255,255,255,0), rgba(255,255,255,.08));
                                content: '';
                                display: block;
                                height: 25%;
                                left: 0;
                                margin: 1px 0 0 0;
                                position: absolute;
                                top: 25%;
                                width: 100%;
                                }

                                table.minimalistBlack th:first-child {
                                border-left: 1px solid #777;
                                box-shadow: inset 1px 1px 0 #999;
                                }

                                table.minimalistBlack th:last-child {
                                box-shadow: inset -1px 1px 0 #999;
                                }

                                tabel.minimalistBlack td {
                                border-right: 1px solid #fff;
                                border-left: 1px solid #e8e8e8;
                                border-top: 1px solid #fff;
                                border-bottom: 1px solid #e8e8e8;
                                padding: 10px 15px;
                                position: relative;
                                transition: all 300ms;
                                }

                                table.minimalistBlack td:first-child {
                                box-shadow: inset 1px 0 0 #fff;
                                }

                                table.minimalistBlack td:last-child {
                                border-right: 1px solid #e8e8e8;
                                box-shadow: inset -1px 0 0 #fff;
                                }

                                table.minimalistBlack tr {
                                background: url(https://jackrugile.com/images/misc/noise-diagonal.png);
                                }

                                table.minimalistBlack tr:nth-child(odd) td {
                                background: #f1f1f1 url(https://jackrugile.com/images/misc/noise-diagonal.png);
                                }

                                table.minimalistBlack tr:last-of-type td {
                                box-shadow: inset 0 -1px 0 #fff;
                                }

                                table.minimalistBlack tr:last-of-type td:first-child {
                                box-shadow: inset 1px -1px 0 #fff;
                                }

                                table.minimalistBlack tr:last-of-type td:last-child {
                                box-shadow: inset -1px -1px 0 #fff;
                                }

                                tbody:hover td {
                                color: transparent;
                                text-shadow: 0 0 3px #aaa;
                                }

                                tbody:hover tr:hover td {
                                color: #444;
                                text-shadow: 0 1px 0 #fff;
                                }

                                body {

                                font-family: "Arial", "serif","Times New Roman","Traditional Arabic", "Arabic
                                Typesetting",
                                "Geeza Pro", "Nadeem",
                                "Al Bayan", "DecoType Naskh", "DejaVu Serif",
                                "STFangsong", "STHeiti", "STKaiti", "STSong",
                                "AB AlBayan", "AB Geeza", "AB Kufi", "DecoType Naskh",
                                "Aldhabi", "Andalus", "Sakkal Majalla", "Simplified Arabic",
                                "Urdu Typesetting",
                                "Droid Naskh", "Droid Kufi", "Roboto", "Tahoma" ;
                                font-style: normal;
                                font-weight: 70px;
                                bottom: 10px;
                                top: 1px;
                                font-size: 180%;

                                }

                                table
                                {
                                font-size: 100%;
                                }

                                p{
                                white-space: pre;

                                }


                                td, th ,p{
                                padding-top: 0px;
                                padding-bottom: 0px;
                                }
                                table, td, th {
                                border: 1px solid black;

                                }

                                th{
                                padding: 1px;
                                padding-bottom: 2px;
                                }

                                .allow-total, .deduct-total, .net-total{
                                background-color: #f2f2f2;
                                }
                                table {
                                border-collapse: collapse;
                                width: 100%;
                                font-size: 8px;
                                font-weight: bold;
                                text-align: center;
                                }

                                .sign-bolck{
                                float: left;
                                margin-left: 50px;
                                margin-top: 80px;
                                text-align: left;
                                font-size: 24px;
                                }

                                .sign-space{
                                width: 90px;
                                }

                                .sign-tb , .sign-tb td{
                                border: none;
                                margin-top: 25px;
                                }


                            </style>
                        </head>
                        <body>
                            <t t-foreach="docs" t-as="o">

                                <div class="page" dir="rtl">
                                    <!--center>
                                        <table class="table">

                                            <tr>
                                                <td>
                                                    <center>
                                                         <img src="/hr_payroll_custom/static/zakat_report/z.png" align="right" width="10%"/>
                                                    </center>
                                                </td>
                                                <td width="35%">
                                                    <center><b style="font-size:50px;">شركة كهرباء السودان القابضة المحدودة</b></center>
                                                </td>
                                                <td>
                                                    <center>
                                                       <img src="/hr_payroll_custom/static/zakat_report/z.png" align="left" width="10%"/>
                                                    </center>
                                                </td>


                                            </tr>
                                        </table>

                                    </center-->
                                    <center>
                                        <b style="font-size:20px;">شهادة أخر صرفية</b>
                                    </center>
                                    <center>
                                        <table class="steelBlueCols">
                                            <tr>
                                                <th style="font-size:20px;min-width:100px;width:100px;background-color:#f2f2f2;text-align:center;font-weight:bold;">
                                                    السنة
                                                </th>
                                                <td style="font-size:20px;min-width:40px;width:40px;text-align:center;">
                                                    <t t-esc="y"/>
                                                </td>
                                                <th style="font-size:20px;min-width:100px;width:100px;background-color:#f2f2f2;text-align:center;font-weight:bold;">
                                                    الشهر
                                                </th>
                                                <td style="font-size:20px;min-width:40px;width:40px;text-align:center;">
                                                    <t t-esc="month_name"/>
                                                </td>
                                                <th style="font-size:20px;min-width:100px;width:100px;background-color:#f2f2f2;text-align:center;font-weight:bold;">
                                                    التاريخ
                                                </th>
                                                <td style="font-size:20px;min-width:40px;width:40px;text-align:center;">
                                                    <t t-esc="date_time"/>
                                                </td>
                                            </tr>
                                        </table>
                                    </center>
                                    <center>
                                        <table class="text-center" cellpadding="1" dir="rtl"
                                               style="border: 2px solid black;text-align:center">

                                            <thead>
                                                <tr>
                                                    <th style="font-size:20px;min-width:100px;width:100px;background-color:#f2f2f2;text-align:center;font-weight:bold;">
                                                        رقم الموظف
                                                    </th>
                                                    <th style="font-size:20px;min-width:100px;width:100px;background-color:#f2f2f2;text-align:center;font-weight:bold;">
                                                        إسم الموظف
                                                    </th>
                                                    <th style="font-size:20px;min-width:100px;width:100px;background-color:#f2f2f2;text-align:center;font-weight:bold;">
                                                        القسم
                                                    </th>
                                                    <th style="font-size:20px;min-width:100px;width:100px;background-color:#f2f2f2;text-align:center;font-weight:bold;">
                                                        الوظيفة
                                                    </th>
                                                </tr>
                                            </thead>
                                            <tbody>
                                                <tr>
                                                    <td style="font-size:20px;min-width:40px;width:40px;text-align:center;">
                                                        <t t-esc="o.employee_id.emp_code"/>
                                                    </td>
                                                    <td style="font-size:20px;min-width:40px;width:40px;text-align:center;">
                                                        <t t-esc="o.employee_id.name"/>
                                                    </td>
                                                    <td style="font-size:20px;min-width:40px;width:40px;text-align:center;">
                                                        <t t-esc="o.employee_id.department_id.name"/>
                                                    </td>
                                                    <td style="font-size:20px;min-width:40px;width:40px;text-align:center;">
                                                        <t t-esc="o.employee_id.job_id.name"/>
                                                    </td>
                                                </tr>

                                            </tbody>

                                        </table>
                                    </center>
                                    <br/>
                                    <t t-set='allow_in' t-value="0.0"/>
                                    <t t-set='other_allow' t-value="0.0"/>
                                    <t t-set='allow_total' t-value="0.0"/>

                                    <t t-set='allow_out' t-value="0.0"/>


                                    <center>
                                        <table class="text-center" cellpadding="1" dir="rtl"
                                               style="border: 2px solid black;text-align:center">
                                            <tbody>
                                                <tr>
                                                    <th style="font-size:20px;background-color:lightgray;text-align:center;font-weight:bold;">
                                                        الوصف
                                                    </th>
                                                    <th style="font-size:20px;background-color:lightgray;text-align:center;font-weight:bold;">
                                                        المبلغ
                                                    </th>
                                                </tr>


                                                <tr t-foreach="o.allowance_ids.filtered(lambda s: s.salary_rule_id.company_contribution != True and s.salary_rule_id.view != True)"
                                                    t-as="l">

                                                    <t t-if="l.salary_rule_id.code == 'LIVING' or l.salary_rule_id.code == 'BASIC'">

                                                        <t t-set='allow_in' t-value="allow_in+l.total"/>
                                                        <td width="auto" style="font-size:20px;text-align:center;">
                                                            <t t-esc="l.name"/>
                                                        </td>
                                                        <td style="font-size:20px;text-align:center;">
                                                            <t t-esc="l.total"/>
                                                        </td>
                                                    </t>

                                                </tr>

                                                <tr>
                                                    <td style="font-size:20px;text-align:center;font-weight:bold;background-color:lightgray;">
                                                        الأجر الأساسي
                                                    </td>
                                                    <td style="font-size:20px;text-align:center;background-color:lightgray">
                                                        <t t-esc="'{:,}'.format(round(allow_in,2))"/>
                                                    </td>

                                                </tr>

                                                <tr t-foreach="o.allowance_ids.filtered(lambda s: s.salary_rule_id.company_contribution != True and s.salary_rule_id.view != True)"
                                                    t-as="l">
                                                    <t t-if="l.salary_rule_id.code != 'BASIC' and l.salary_rule_id.code != 'LIVING' and  l.salary_rule_id.category_id.code != 'ALWOUT'">

                                                        <t t-set='other_allow' t-value="other_allow+l.total"/>
                                                        <td width="auto" style="font-size:20px;text-align:center;">
                                                            <t t-esc="l.name"/>
                                                        </td>
                                                        <td style="font-size:20px;text-align:center;">
                                                            <t t-esc="l.total"/>
                                                        </td>


                                                    </t>
                                                </tr>

                                                <tr>
                                                    <t t-set='allow_total' t-value="other_allow+allow_in"/>

                                                    <td style="font-size:20px;text-align:center;font-weight:bold;background-color:lightgray;">
                                                        مجموع الإستحقاقات
                                                    </td>
                                                    <td style="font-size:20px;text-align:center;background-color:lightgray">
                                                        <t t-esc="'{:,}'.format(round(allow_total))"/>
                                                    </td>
                                                </tr>

                                                <tr>
                                                    <th style="font-size:20px;background-color:lightgray;text-align:center;font-weight:bold;">
                                                        إستحقاقات خارج المرتب
                                                    </th>

                                                </tr>

                                                <tr t-foreach="o.allowance_ids.filtered(lambda s: s.salary_rule_id.company_contribution != True and s.salary_rule_id.view != True)"
                                                    t-as="l">
                                                    <t t-if="l.salary_rule_id.category_id.code == 'ALWOUT'">

                                                        <t t-set='allow_out' t-value="allow_out+l.total"/>
                                                        <td width="auto" style="font-size:20px;text-align:center;">
                                                            <t t-esc="l.name"/>
                                                        </td>
                                                        <td style="font-size:20px;text-align:center;">
                                                            <t t-esc="l.total"/>
                                                        </td>
                                                    </t>
                                                    </tr>
                                                <tr>
                                                    <td style="font-size:20px;text-align:center;font-weight:bold;background-color:lightgray">
                                                        مجموع الإستحقاقات خارج المرتب
                                                    </td>
                                                    <td style="font-size:20px;text-align:center;background-color:lightgray;">
                                                        <t t-esc="'{:,}'.format(round(allow_out,2))"/>
                                                    </td>
                                                </tr>


                                                <tr>
                                                    <th style="font-size:20px;background-color:lightgray;text-align:center;font-weight:bold;">
                                                        الاستقطاع
                                                    </th>
                                                    <th style="font-size:20px;background-color:lightgray;text-align:center;font-weight:bold;">
                                                        المبلغ
                                                    </th>
                                                </tr>
                                                <t t-foreach="o.deduction_ids.filtered(lambda s: s.salary_rule_id.company_contribution != True and s.salary_rule_id.view != True)"
                                                   t-as="l">
                                                    <tr>
                                                        <!-- <t t-if="l.category_id.code == 'DED' or l.category_id.code == 'TAXES'"> -->
                                                        <td width="auto" style="font-size:20px;text-align:center;">
                                                            <t t-esc="l.name"/>
                                                        </td>
                                                        <td style="font-size:20px;text-align:center;">
                                                            <t t-esc="l.total"/>
                                                        </td>
                                                        <!-- </t> -->
                                                    </tr>
                                                </t>
                                                <tr>
                                                    <td style="font-size:20px;text-align:center;font-weight:bold;background-color:lightgray">
                                                        مجموع
                                                        الاستقطاعات
                                                    </td>
                                                    <td style="font-size:20px;text-align:center;background-color:lightgray">
                                                        <t t-esc="o.total_deduction"/>
                                                    </td>
                                                </tr>

                                                <tr>
                                                    <th style="font-size:20px;background-color:lightgray;text-align:center;font-weight:bold;">
                                                        السلفيات
                                                    </th>
                                                    <th style="font-size:20px;background-color:lightgray;text-align:center;font-weight:bold;">
                                                        المبلغ
                                                    </th>
                                                </tr>
                                                <t t-foreach="o.loan_ids" t-as="l">
                                                    <tr>
                                                        <t t-if="l.state == 'done'">
                                                            <th width="auto" style="font-size:20px;text-align:center;">
                                                                <t t-esc="l.loan_type_id.name"/>
                                                            </th>
                                                            <td style="font-size:20px;text-align:center;">
                                                                <t t-esc="l.amount"/>
                                                            </td>
                                                        </t>
                                                    </tr>
                                                </t>
                                                <tr>
                                                    <td style="font-size:20px;text-align:center;font-weight:bold;background-color:lightgray;">
                                                        مجموع
                                                        السلفيات
                                                    </td>
                                                    <td style="font-size:20px;text-align:center;background-color:lightgray">
                                                        <t t-esc="o.total_loan"/>
                                                    </td>
                                                </tr>
                                                <tr>
                                                    <th width="60%"
                                                        style="font-size:20px;min-width:100px;width:100px;background-color:lightgray;text-align:center;font-weight:bold;">
                                                        صافي الأجر
                                                    </th>
                                                    <td style="font-size:20px;background-color:lightgray;text-align:center;font-weight:bold;">
                                                        <t t-esc="o.net"/>
                                                    </td>
                                                </tr>
                                            </tbody>
                                        </table>

                                    </center>
                                    <br/>
                                    <br/>
                                    <br/>
                                    <br/>

                                    <p>ملاحظات :</p>
                                    <p>
                                        ------------------------------------------------------------------------------------------------------------------------------------------------------------------------
                                    </p>
                                    <p>
                                        ------------------------------------------------------------------------------------------------------------------------------------------------------------------------
                                    </p>
                                    <p>
                                        ------------------------------------------------------------------------------------------------------------------------------------------------------------------------
                                    </p>
                                    <p>
                                        ------------------------------------------------------------------------------------------------------------------------------------------------------------------------
                                    </p>
                                    <p>
                                        ------------------------------------------------------------------------------------------------------------------------------------------------------------------------
                                    </p>
                                    <p>
                                        ------------------------------------------------------------------------------------------------------------------------------------------------------------------------
                                    </p>
                                    <p>
                                        ------------------------------------------------------------------------------------------------------------------------------------------------------------------------
                                    </p>
                                    <p>
                                        ------------------------------------------------------------------------------------------------------------------------------------------------------------------------
                                    </p>
                                    <p>
                                        ------------------------------------------------------------------------------------------------------------------------------------------------------------------------
                                    </p>
                                    <p>
                                        ------------------------------------------------------------------------------------------------------------------------------------------------------------------------
                                    </p>
                                </div>
                            </t>
                        </body>
                    </html>


                </t>
                <!--/t -->
            </t>
        </template>


        <template id="hr_report_promotion_informatio_report">
            <t t-call="web.html_container">
                <t t-call="web.external_layout">
                    <div class="page">
                        <center>
                            <p style="font-size:20px;text-align:center;font-weight:bold;">ترقيات الموظفين</p>
                            <p>
                                <t t-if="start_date">من تاريخ:
                                    <span t-esc="start_date"/>
                                </t>
                                <t t-if="end_date">إلى تاريخ :
                                    <span t-esc="end_date"/>
                                </t>
                            </p>
                        </center>

                        <table class="table table-bordered">
                            <thead>
                                <tr>
                                    <th style="text-align:right">م</th>
                                    <th style="text-align:right">إسم الموظف</th>
                                    <th style="text-align:right">القسم</th>
                                    <th style="text-align:right">الوظيفة</th>
                                    <t t-if="report_type == 'period'">
                                        <th style="text-align:right">من الدرجة</th>
                                        <th style="text-align:right">إلى الدرجة</th>
                                    </t>
                                    <t t-if="report_type == 'last_promo'">
                                        <th style="text-align:right">الدرجة الحالية</th>
                                        <th style="text-align:right">الدرجة السابقة</th>
                                    </t>
                                    <th style="text-align:right">التاريخ</th>
                                </tr>
                            </thead>
                            <tbody>
                                <t t-if="report_type == 'period'">
                                    <t t-foreach="docs" t-as="o">
                                        <tr>
                                            <td>
                                                <span t-esc="o_index+1"/>
                                            </td>
                                            <td>
                                                <span t-field="o.employee_id.name"/>
                                            </td>
                                            <td>
                                                <span t-field="o.employee_id.department_id.name"/>
                                            </td>
                                            <td>
                                                <span t-field="o.employee_id.job_id.name"/>
                                            </td>
                                            <td>
                                                <span t-field="o.current_grade_id"/>
                                            </td>
                                            <td>
                                                <span t-field="o.new_grade_id"/>
                                            </td>
                                            <td>
                                                <span t-field="o.date"/>
                                            </td>
                                        </tr>
                                    </t>
                                </t>
                                <t t-if="report_type == 'last_promo'">
                                    <t t-foreach="docs" t-as="o">
                                        <tr>
                                            <td>
                                                <span t-esc="o_index+1"/>
                                            </td>
                                            <td>
                                                <span t-field="o.name"/>
                                            </td>
                                            <td>
                                                <span t-field="o.department_id.name"/>
                                            </td>
                                            <td>
                                                <span t-field="o.job_id.name"/>
                                            </td>
                                            <td>
                                                <span t-field="o.grade_id"/>
                                            </td>
                                            <t t-set="promo"
                                               t-value="promotion_ids.filtered(lambda p: p.employee_id.id == o.id).sorted(lambda x: x.date,reverse=True)[:1]"/>
                                            <td>
                                                <span t-field="promo.current_grade_id"/>
                                            </td>
                                            <td>
                                                <span t-field="promo.date"/>
                                            </td>
                                        </tr>
                                    </t>
                                </t>
                            </tbody>

                        </table>
                    </div>
                    <p style="page-break-after:always"></p>
                </t>
            </t>
        </template>


    </data>
</odoo>

