<?xml version="1.0" encoding="utf-8"?>
<odoo>
    <data noupdate="1">
        
        <!-- Salary Structure -->
         <record id="structure_base" model="hr.payroll.structure">
            <field name="code">0.0</field>
            <field name="name">هيكل الاجور لعام 2022</field>
            <field name="min_limit">0</field>
            <field name="max_limit">0</field>
        </record>
        <!-- القطاع الأول و علاواتة -->
        <record id="degree_s1" model="hr.payroll.structure">
            <field name="code">0.1</field>
            <field name="name">القطاع الأول</field>
            <field name="parent_id" ref="structure_base"/>
            <field name="min_limit">0</field>
            <field name="max_limit">0</field>
        </record>
        <record id="degree_s101" model="hr.payroll.structure">
            <field name="code">0.101</field>
            <field name="name">الفئة الإبتدائية</field>
            <field name="parent_id" ref="degree_s1"/>
            <field name="is_bonus">True</field>
            <field name="min_limit">0</field>
            <field name="max_limit">55881</field>
        </record>
        <!-- القطاع الثاني و علاواتة -->
        <record id="degree_s2" model="hr.payroll.structure">
            <field name="code">0.2</field>
            <field name="name">القطاع الثاني</field>
            <field name="parent_id" ref="structure_base"/>
            <field name="min_limit">0</field>
            <field name="max_limit">0</field>
        </record>
        <record id="degree_s201" model="hr.payroll.structure">
            <field name="code">0.201</field>
            <field name="name">الفئة الإبتدائية</field>
            <field name="parent_id" ref="degree_s2"/>
            <field name="is_bonus">True</field>
            <field name="min_limit">0</field>
            <field name="max_limit">53220</field>
        </record>
        <!-- القطاع الثالث و علاواتة -->
        <record id="degree_s3" model="hr.payroll.structure">
            <field name="code">0.3</field>
            <field name="name">القطاع الثالث</field>
            <field name="parent_id" ref="structure_base"/>
            <field name="min_limit">0</field>
            <field name="max_limit">0</field>
        </record>
       <record id="degree_s301" model="hr.payroll.structure">
            <field name="code">0.301</field>
            <field name="name">الفئة الإبتدائية</field>
            <field name="parent_id" ref="degree_s3"/>
            <field name="is_bonus">True</field>
            <field name="min_limit">0</field>
            <field name="max_limit">50685</field>
        </record>
        <!-- الدرجة الأولي و علاواتها -->
        <record id="degree_1" model="hr.payroll.structure">
            <field name="code">01</field>
            <field name="name">الدرجة الأولي</field>
            <field name="parent_id" ref="structure_base"/>
            <field name="min_limit">43784</field>
            <field name="max_limit">48272</field>
        </record>
       <record id="degree_101" model="hr.payroll.structure">
            <field name="code">0101</field>
            <field name="name">الفئة الإبتدائية</field>
            <field name="parent_id" ref="degree_1"/>
            <field name="is_bonus"> True</field>
            <field name="min_limit">43784</field>
            <field name="max_limit">43784</field>
        </record>
       <record id="degree_102" model="hr.payroll.structure">
            <field name="code">0102</field>
            <field name="name">العلاوة الثانية</field>
            <field name="parent_id" ref="degree_1"/>
            <field name="is_bonus"> True</field>
            <field name="min_limit">45973</field>
            <field name="max_limit">45973</field>
        </record>
       <record id="degree_103" model="hr.payroll.structure">
            <field name="code">0103</field>
            <field name="name">العلاوة الثالثة</field>
            <field name="parent_id" ref="degree_1"/>
            <field name="is_bonus"> True</field>
            <field name="min_limit">48272</field>
            <field name="max_limit">48272</field>
        </record>
        <!-- الدرجة الثانية و علاواتها -->
        <record id="degree_2" model="hr.payroll.structure">
            <field name="code">02</field>
            <field name="name">الدرجة الثانية</field>
            <field name="parent_id" ref="structure_base"/>
            <field name="min_limit">37822</field>
            <field name="max_limit">43784</field>
        </record>
       <record id="degree_201" model="hr.payroll.structure">
            <field name="code">0201</field>
            <field name="name">الفئة الإبتدائية</field>
            <field name="parent_id" ref="degree_2"/>
            <field name="is_bonus"> True</field>
            <field name="min_limit">37822</field>
            <field name="max_limit">37822</field>
        </record>
        <record id="degree_202" model="hr.payroll.structure">
            <field name="code">0202</field>
            <field name="name">العلاوة الثانية</field>
            <field name="parent_id" ref="degree_2"/>
            <field name="is_bonus"> True</field>
            <field name="min_limit">39713</field>
            <field name="max_limit">39713</field>
        </record>
        <record id="degree_203" model="hr.payroll.structure">
            <field name="code">0203</field>
            <field name="name">العلاوة الثالثة</field>
            <field name="parent_id" ref="degree_2"/>
            <field name="is_bonus"> True</field>
            <field name="min_limit">41699</field>
            <field name="max_limit">41699</field>
        </record>
        <record id="degree_204" model="hr.payroll.structure">
            <field name="code">0204</field>
            <field name="name">العلاوة الرابعة</field>
            <field name="parent_id" ref="degree_2"/>
            <field name="is_bonus"> True</field>
            <field name="min_limit">43784</field>
            <field name="max_limit">43784</field>
        </record>
        <!-- الدرجة الثالثة و علاواتها -->
        <record id="degree_3" model="hr.payroll.structure">
            <field name="code">03</field>
            <field name="name">الدرجة الثالثة</field>
            <field name="parent_id" ref="structure_base"/>
            <field name="min_limit">34306</field>
            <field name="max_limit">39713</field>
        </record>
      <record id="degree_301" model="hr.payroll.structure">
            <field name="code">0301</field>
            <field name="name">الفئة الإبتدائية</field>
            <field name="parent_id" ref="degree_3"/>
            <field name="is_bonus"> True</field>
            <field name="min_limit">34306</field>
            <field name="max_limit">34306</field>
        </record>
        <record id="degree_302" model="hr.payroll.structure">
            <field name="code">0302</field>
            <field name="name">العلاوة الثانية</field>
            <field name="parent_id" ref="degree_3"/>
            <field name="is_bonus">True</field>
            <field name="min_limit">36021</field>
            <field name="max_limit">36021</field>
        </record>
        <record id="degree_303" model="hr.payroll.structure">
            <field name="code">0303</field>
            <field name="name">العلاوة الثالثة</field>
            <field name="parent_id" ref="degree_3"/>
            <field name="is_bonus">True</field>
            <field name="min_limit">37822</field>
            <field name="max_limit">37822</field>
        </record>
        <record id="degree_304" model="hr.payroll.structure">
            <field name="code">0304</field>
            <field name="name">العلاوة الرابعة</field>
            <field name="parent_id" ref="degree_3"/>
            <field name="is_bonus"> True</field>
            <field name="min_limit">39713</field>
            <field name="max_limit">39713</field>
        </record>
        <!-- الدرجة الرابعة و علاواتها -->
        <record id="degree_4" model="hr.payroll.structure">
            <field name="code">04</field>
            <field name="name">الدرجة الرابعة</field>
            <field name="parent_id" ref="structure_base"/>
            <field name="min_limit">29635</field>
            <field name="max_limit">36022</field>
        </record>
      <record id="degree_401" model="hr.payroll.structure">
            <field name="code">0401</field>
            <field name="name">الفئة الإبتدائية</field>
            <field name="parent_id" ref="degree_4"/>
            <field name="is_bonus"> True</field>
            <field name="min_limit">29635</field>
            <field name="max_limit">29635</field>
        </record>
        <record id="degree_402" model="hr.payroll.structure">
            <field name="code">0402</field>
            <field name="name">العلاوة الثانية</field>
            <field name="parent_id" ref="degree_4"/>
            <field name="is_bonus">True</field>
            <field name="min_limit">31117</field>
            <field name="max_limit">31117</field>
        </record>
        <record id="degree_403" model="hr.payroll.structure">
            <field name="code">0403</field>
            <field name="name">العلاوة الثالثة</field>
            <field name="parent_id" ref="degree_4"/>
            <field name="is_bonus">True</field>
            <field name="min_limit">32673</field>
            <field name="max_limit">32673</field>
        </record>
        <record id="degree_404" model="hr.payroll.structure">
            <field name="code">0404</field>
            <field name="name">العلاوة الرابعة</field>
            <field name="parent_id" ref="degree_4"/>
            <field name="is_bonus"> True</field>
            <field name="min_limit">34306</field>
            <field name="max_limit">34306</field>
        </record>
       <record id="degree_405" model="hr.payroll.structure">
            <field name="code">0405</field>
            <field name="name">العلاوة الخامسة</field>
            <field name="parent_id" ref="degree_4"/>
            <field name="is_bonus"> True</field>
            <field name="min_limit">36022</field>
            <field name="max_limit">36022</field>
        </record>
        <!-- الدرجة الخامسة و علاواتها -->
        <record id="degree_5" model="hr.payroll.structure">
            <field name="code">05</field>
            <field name="name">الدرجة الخامسة</field>
            <field name="parent_id" ref="structure_base"/>
            <field name="min_limit">25600</field>
            <field name="max_limit">31117</field>
        </record>
        <record id="degree_501" model="hr.payroll.structure">
            <field name="code">0501</field>
            <field name="name">الفئة الإبتدائية</field>
            <field name="parent_id" ref="degree_5"/>
            <field name="is_bonus"> True</field>
            <field name="min_limit">25600</field>
            <field name="max_limit">25600</field>
        </record>
        <record id="degree_502" model="hr.payroll.structure">
            <field name="code">0502</field>
            <field name="name">العلاوة الثانية</field>
            <field name="parent_id" ref="degree_5"/>
            <field name="is_bonus">True</field>
            <field name="min_limit">26880</field>
            <field name="max_limit">26880</field>
        </record>
        <record id="degree_503" model="hr.payroll.structure">
            <field name="code">0503</field>
            <field name="name">العلاوة الثالثة</field>
            <field name="parent_id" ref="degree_5"/>
            <field name="is_bonus">True</field>
            <field name="min_limit">28224</field>
            <field name="max_limit">28224</field>
        </record>
        <record id="degree_504" model="hr.payroll.structure">
            <field name="code">0504</field>
            <field name="name">العلاوة الرابعة</field>
            <field name="parent_id" ref="degree_5"/>
            <field name="is_bonus"> True</field>
            <field name="min_limit">29635</field>
            <field name="max_limit">29635</field>
        </record>
       <record id="degree_505" model="hr.payroll.structure">
            <field name="code">0505</field>
            <field name="name">العلاوة الخامسة</field>
            <field name="parent_id" ref="degree_5"/>
            <field name="is_bonus"> True</field>
            <field name="min_limit">31117</field>
            <field name="max_limit">31117</field>
        </record>

        <!-- الدرجة السادسة و علاواتها -->
        <record id="degree_6" model="hr.payroll.structure">
            <field name="code">06</field>
            <field name="name">الدرجة السادسة</field>
            <field name="parent_id" ref="structure_base"/>
            <field name="min_limit">24381</field>
            <field name="max_limit">29635</field>
        </record>
        
         <record id="degree_601" model="hr.payroll.structure">
            <field name="code">0601</field>
            <field name="name">الفئة الإبتدائية</field>
            <field name="parent_id" ref="degree_6"/>
            <field name="is_bonus"> True</field>
            <field name="min_limit">24381</field>
            <field name="max_limit">24381</field>
        </record>
        <record id="degree_602" model="hr.payroll.structure">
            <field name="code">0602</field>
            <field name="name">العلاوة الثانية</field>
            <field name="parent_id" ref="degree_6"/>
            <field name="is_bonus">True</field>
            <field name="min_limit">25600</field>
            <field name="max_limit">25600</field>
        </record>
        <record id="degree_603" model="hr.payroll.structure">
            <field name="code">0603</field>
            <field name="name">العلاوة الثالثة</field>
            <field name="parent_id" ref="degree_6"/>
            <field name="is_bonus">True</field>
            <field name="min_limit">26880</field>
            <field name="max_limit">26880</field>
        </record>
        <record id="degree_604" model="hr.payroll.structure">
            <field name="code">0604</field>
            <field name="name">العلاوة الرابعة</field>
            <field name="parent_id" ref="degree_6"/>
            <field name="is_bonus"> True</field>
            <field name="min_limit">28224</field>
            <field name="max_limit">28224</field>
        </record>
       <record id="degree_605" model="hr.payroll.structure">
            <field name="code">0605</field>
            <field name="name">العلاوة الخامسة</field>
            <field name="parent_id" ref="degree_6"/>
            <field name="is_bonus"> True</field>
            <field name="min_limit">29635</field>
            <field name="max_limit">29635</field>
        </record>
        <!-- الدرجة السابعة و علاواتها -->
        <record id="degree_7" model="hr.payroll.structure">
            <field name="code">07</field>
            <field name="name">الدرجة السابعة</field>
            <field name="parent_id" ref="structure_base"/>
            <field name="min_limit">22114</field>
            <field name="max_limit">28224</field>
        </record>
        <record id="degree_701" model="hr.payroll.structure">
            <field name="code">0701</field>
            <field name="name">الفئة الإبتدائية</field>
            <field name="parent_id" ref="degree_7"/>
            <field name="is_bonus"> True</field>
            <field name="min_limit">22114</field>
            <field name="max_limit">22114</field>
        </record>
        <record id="degree_702" model="hr.payroll.structure">
            <field name="code">0702</field>
            <field name="name">العلاوة الثانية</field>
            <field name="parent_id" ref="degree_7"/>
            <field name="is_bonus">True</field>
            <field name="min_limit">23220</field>
            <field name="max_limit">23220</field>
        </record>
        <record id="degree_703" model="hr.payroll.structure">
            <field name="code">0703</field>
            <field name="name">العلاوة الثالثة</field>
            <field name="parent_id" ref="degree_7"/>
            <field name="is_bonus">True</field>
            <field name="min_limit">24381</field>
            <field name="max_limit">24381</field>
        </record>
        <record id="degree_704" model="hr.payroll.structure">
            <field name="code">0704</field>
            <field name="name">العلاوة الرابعة</field>
            <field name="parent_id" ref="degree_7"/>
            <field name="is_bonus"> True</field>
            <field name="min_limit">25600</field>
            <field name="max_limit">25600</field>
        </record>
       <record id="degree_705" model="hr.payroll.structure">
            <field name="code">0705</field>
            <field name="name">العلاوة الخامسة</field>
            <field name="parent_id" ref="degree_7"/>
            <field name="is_bonus"> True</field>
            <field name="min_limit">26880</field>
            <field name="max_limit">26880</field>
        </record>
       <record id="degree_706" model="hr.payroll.structure">
            <field name="code">0706</field>
            <field name="name">العلاوة السادسة</field>
            <field name="parent_id" ref="degree_7"/>
            <field name="is_bonus"> True</field>
            <field name="min_limit">28224</field>
            <field name="max_limit">28224</field>
        </record>
        <!-- الدرجة الثامنة و علاواتها -->
        <record id="degree_8" model="hr.payroll.structure">
            <field name="code">08</field>
            <field name="name">الدرجة الثامنة</field>
            <field name="parent_id" ref="structure_base"/>
            <field name="min_limit">19103</field>
            <field name="max_limit">24381</field>
        </record>
        <record id="degree_801" model="hr.payroll.structure">
            <field name="code">0801</field>
            <field name="name">الفئة الإبتدائية</field>
            <field name="parent_id" ref="degree_8"/>
            <field name="is_bonus"> True</field>
            <field name="min_limit">19103</field>
            <field name="max_limit">19103</field>
        </record>
        <record id="degree_802" model="hr.payroll.structure">
            <field name="code">0802</field>
            <field name="name">العلاوة الثانية</field>
            <field name="parent_id" ref="degree_8"/>
            <field name="is_bonus">True</field>
            <field name="min_limit">20058</field>
            <field name="max_limit">20058</field>
        </record>
        <record id="degree_803" model="hr.payroll.structure">
            <field name="code">0803</field>
            <field name="name">العلاوة الثالثة</field>
            <field name="parent_id" ref="degree_8"/>
            <field name="is_bonus">True</field>
            <field name="min_limit">21061</field>
            <field name="max_limit">21061</field>
        </record>
        <record id="degree_804" model="hr.payroll.structure">
            <field name="code">0804</field>
            <field name="name">العلاوة الرابعة</field>
            <field name="parent_id" ref="degree_8"/>
            <field name="is_bonus"> True</field>
            <field name="min_limit">22114</field>
            <field name="max_limit">22114</field>
        </record>
       <record id="degree_805" model="hr.payroll.structure">
            <field name="code">0805</field>
            <field name="name">العلاوة الخامسة</field>
            <field name="parent_id" ref="degree_8"/>
            <field name="is_bonus"> True</field>
            <field name="min_limit">23220</field>
            <field name="max_limit">23220</field>
        </record>
       <record id="degree_806" model="hr.payroll.structure">
            <field name="code">0806</field>
            <field name="name">العلاوة السادسة</field>
            <field name="parent_id" ref="degree_8"/>
            <field name="is_bonus"> True</field>
            <field name="min_limit">24381</field>
            <field name="max_limit">24381</field>
        </record>
        <!-- الدرجة التاسعة و علاواتها -->
        <record id="degree_9" model="hr.payroll.structure">
            <field name="code">09</field>
            <field name="name">الدرجة التاسعة</field>
            <field name="parent_id" ref="structure_base"/>
            <field name="min_limit">16502</field>
            <field name="max_limit">22141</field>
        </record>
        <record id="degree_901" model="hr.payroll.structure">
            <field name="code">0901</field>
            <field name="name">الفئة الإبتدائية</field>
            <field name="parent_id" ref="degree_9"/>
            <field name="is_bonus"> True</field>
            <field name="min_limit">16502</field>
            <field name="max_limit">16502</field>
        </record>
        <record id="degree_902" model="hr.payroll.structure">
            <field name="code">0902</field>
            <field name="name">العلاوة الثانية</field>
            <field name="parent_id" ref="degree_9"/>
            <field name="is_bonus">True</field>
            <field name="min_limit">17327</field>
            <field name="max_limit">17327</field>
        </record>
        <record id="degree_903" model="hr.payroll.structure">
            <field name="code">0903</field>
            <field name="name">العلاوة الثالثة</field>
            <field name="parent_id" ref="degree_9"/>
            <field name="is_bonus">True</field>
            <field name="min_limit">18193</field>
            <field name="max_limit">18193</field>
        </record>
        <record id="degree_904" model="hr.payroll.structure">
            <field name="code">0904</field>
            <field name="name">العلاوة الرابعة</field>
            <field name="parent_id" ref="degree_9"/>
            <field name="is_bonus"> True</field>
            <field name="min_limit">19103</field>
            <field name="max_limit">19103</field>
        </record>
       <record id="degree_905" model="hr.payroll.structure">
            <field name="code">0905</field>
            <field name="name">العلاوة الخامسة</field>
            <field name="parent_id" ref="degree_9"/>
            <field name="is_bonus"> True</field>
            <field name="min_limit">20058</field>
            <field name="max_limit">20058</field>
        </record>
       <record id="degree_906" model="hr.payroll.structure">
            <field name="code">0906</field>
            <field name="name">العلاوة السادسة</field>
            <field name="parent_id" ref="degree_9"/>
            <field name="is_bonus"> True</field>
            <field name="min_limit">20560</field>
            <field name="max_limit">20560</field>
        </record>
        <record id="degree_907" model="hr.payroll.structure">
            <field name="code">0907</field>
            <field name="name">العلاوة السابعة</field>
            <field name="parent_id" ref="degree_9"/>
            <field name="is_bonus"> True</field>
            <field name="min_limit">21074</field>
            <field name="max_limit">21074</field>
        </record>
       <record id="degree_908" model="hr.payroll.structure">
            <field name="code">0908</field>
            <field name="name">العلاوة الثامنة</field>
            <field name="parent_id" ref="degree_9"/>
            <field name="is_bonus"> True</field>
            <field name="min_limit">21601</field>
            <field name="max_limit">21601</field>
        </record>
       <record id="degree_909" model="hr.payroll.structure">
            <field name="code">0909</field>
            <field name="name">العلاوة التاسعة</field>
            <field name="parent_id" ref="degree_9"/>
            <field name="is_bonus"> True</field>
            <field name="min_limit">22141</field>
            <field name="max_limit">22141</field>
        </record>
        <!-- الدرجة العاشرة و علاواتها -->
        <record id="degree_10" model="hr.payroll.structure">
            <field name="code">10</field>
            <field name="name">الدرجة العاشرة</field>
            <field name="parent_id" ref="structure_base"/>
            <field name="min_limit">14968</field>
            <field name="max_limit">19103</field>
        </record>
        <record id="degree_1001" model="hr.payroll.structure">
            <field name="code">1001</field>
            <field name="name">الفئة الإبتدائية</field>
            <field name="parent_id" ref="degree_10"/>
            <field name="is_bonus"> True</field>
            <field name="min_limit">14968</field>
            <field name="max_limit">14968</field>
        </record>
        <record id="degree_1002" model="hr.payroll.structure">
            <field name="code">1002</field>
            <field name="name">العلاوة الثانية</field>
            <field name="parent_id" ref="degree_10"/>
            <field name="is_bonus">True</field>
            <field name="min_limit">15716</field>
            <field name="max_limit">15716</field>
        </record>
        <record id="degree_1003" model="hr.payroll.structure">
            <field name="code">1003</field>
            <field name="name">العلاوة الثالثة</field>
            <field name="parent_id" ref="degree_10"/>
            <field name="is_bonus">True</field>
            <field name="min_limit">16502</field>
            <field name="max_limit">16502</field>
        </record>
        <record id="degree_1004" model="hr.payroll.structure">
            <field name="code">1004</field>
            <field name="name">العلاوة الرابعة</field>
            <field name="parent_id" ref="degree_10"/>
            <field name="is_bonus"> True</field>
            <field name="min_limit">17327</field>
            <field name="max_limit">17327</field>
        </record>
       <record id="degree_1005" model="hr.payroll.structure">
            <field name="code">1005</field>
            <field name="name">العلاوة الخامسة</field>
            <field name="parent_id" ref="degree_10"/>
            <field name="is_bonus"> True</field>
            <field name="min_limit">18194</field>
            <field name="max_limit">18194</field>
        </record>
       <record id="degree_1006" model="hr.payroll.structure">
            <field name="code">1006</field>
            <field name="name">العلاوة السادسة</field>
            <field name="parent_id" ref="degree_10"/>
            <field name="is_bonus"> True</field>
            <field name="min_limit">19103</field>
            <field name="max_limit">19103</field>
        </record>
        <!-- الدرجة الحادية عشر و علاواتها -->
        <record id="degree_11" model="hr.payroll.structure">
            <field name="code">11</field>
            <field name="name">الدرجة الحادية عشر</field>
            <field name="parent_id" ref="structure_base"/>
            <field name="min_limit">14255</field>
            <field name="max_limit">18193</field>
        </record>
        <record id="degree_1101" model="hr.payroll.structure">
            <field name="code">1101</field>
            <field name="name">الفئة الإبتدائية</field>
            <field name="parent_id" ref="degree_11"/>
            <field name="is_bonus"> True</field>
            <field name="min_limit">14255</field>
            <field name="max_limit">14255</field>
        </record>
        <record id="degree_1102" model="hr.payroll.structure">
            <field name="code">1102</field>
            <field name="name">العلاوة الثانية</field>
            <field name="parent_id" ref="degree_11"/>
            <field name="is_bonus">True</field>
            <field name="min_limit">14968</field>
            <field name="max_limit">14968</field>
        </record>
        <record id="degree_1103" model="hr.payroll.structure">
            <field name="code">1103</field>
            <field name="name">العلاوة الثالثة</field>
            <field name="parent_id" ref="degree_11"/>
            <field name="is_bonus">True</field>
            <field name="min_limit">15716</field>
            <field name="max_limit">15716</field>
        </record>
        <record id="degree_1104" model="hr.payroll.structure">
            <field name="code">1104</field>
            <field name="name">العلاوة الرابعة</field>
            <field name="parent_id" ref="degree_11"/>
            <field name="is_bonus"> True</field>
            <field name="min_limit">16502</field>
            <field name="max_limit">16502</field>
        </record>
       <record id="degree_1105" model="hr.payroll.structure">
            <field name="code">1105</field>
            <field name="name">العلاوة الخامسة</field>
            <field name="parent_id" ref="degree_11"/>
            <field name="is_bonus"> True</field>
            <field name="min_limit">17327</field>
            <field name="max_limit">17327</field>
        </record>
       <record id="degree_1106" model="hr.payroll.structure">
            <field name="code">1106</field>
            <field name="name">العلاوة السادسة</field>
            <field name="parent_id" ref="degree_11"/>
            <field name="is_bonus"> True</field>
            <field name="min_limit">18193</field>
            <field name="max_limit">18193</field>
        </record>
        <!-- الدرجة الثانية عشر و علاواتها -->
        <record id="degree_12" model="hr.payroll.structure">
            <field name="code">12</field>
            <field name="name">الدرجة الثانية عشر</field>
            <field name="parent_id" ref="structure_base"/>
            <field name="min_limit">12314</field>
            <field name="max_limit">15716</field>
        </record>
         <record id="degree_1201" model="hr.payroll.structure">
            <field name="code">1201</field>
            <field name="name">الفئة الإبتدائية</field>
            <field name="parent_id" ref="degree_12"/>
            <field name="is_bonus"> True</field>
            <field name="min_limit">12314</field>
            <field name="max_limit">12314</field>
        </record>
        <record id="degree_1202" model="hr.payroll.structure">
            <field name="code">1202</field>
            <field name="name">العلاوة الثانية</field>
            <field name="parent_id" ref="degree_12"/>
            <field name="is_bonus">True</field>
            <field name="min_limit">12930</field>
            <field name="max_limit">12930</field>
        </record>
        <record id="degree_1203" model="hr.payroll.structure">
            <field name="code">1203</field>
            <field name="name">العلاوة الثالثة</field>
            <field name="parent_id" ref="degree_12"/>
            <field name="is_bonus">True</field>
            <field name="min_limit">13576</field>
            <field name="max_limit">13576</field>
        </record>
        <record id="degree_1204" model="hr.payroll.structure">
            <field name="code">1204</field>
            <field name="name">العلاوة الرابعة</field>
            <field name="parent_id" ref="degree_12"/>
            <field name="is_bonus"> True</field>
            <field name="min_limit">14255</field>
            <field name="max_limit">14255</field>
        </record>
       <record id="degree_1205" model="hr.payroll.structure">
            <field name="code">1205</field>
            <field name="name">العلاوة الخامسة</field>
            <field name="parent_id" ref="degree_12"/>
            <field name="is_bonus"> True</field>
            <field name="min_limit">14968</field>
            <field name="max_limit">14968</field>
        </record>
       <record id="degree_1206" model="hr.payroll.structure">
            <field name="code">1206</field>
            <field name="name">العلاوة السادسة</field>
            <field name="parent_id" ref="degree_12"/>
            <field name="is_bonus"> True</field>
            <field name="min_limit">15716</field>
            <field name="max_limit">15716</field>
        </record>
        <!-- الدرجة الثالثة عشر و علاواتها -->
        <record id="degree_13" model="hr.payroll.structure">
            <field name="code">13</field>
            <field name="name">الدرجة الثالثة عشر</field>
            <field name="parent_id" ref="structure_base"/>
            <field name="min_limit">11728</field>
            <field name="max_limit">14968</field>
        </record>
         <record id="degree_1301" model="hr.payroll.structure">
            <field name="code">1301</field>
            <field name="name">الفئة الإبتدائية</field>
            <field name="parent_id" ref="degree_13"/>
            <field name="is_bonus"> True</field>
            <field name="min_limit">11728</field>
            <field name="max_limit">11728</field>
        </record>
        <record id="degree_1302" model="hr.payroll.structure">
            <field name="code">1302</field>
            <field name="name">العلاوة الثانية</field>
            <field name="parent_id" ref="degree_13"/>
            <field name="is_bonus">True</field>
            <field name="min_limit">123314</field>
            <field name="max_limit">123314</field>
        </record>
        <record id="degree_1303" model="hr.payroll.structure">
            <field name="code">1303</field>
            <field name="name">العلاوة الثالثة</field>
            <field name="parent_id" ref="degree_13"/>
            <field name="is_bonus">True</field>
            <field name="min_limit">12930</field>
            <field name="max_limit">12930</field>
        </record>
        <record id="degree_1304" model="hr.payroll.structure">
            <field name="code">1304</field>
            <field name="name">العلاوة الرابعة</field>
            <field name="parent_id" ref="degree_13"/>
            <field name="is_bonus"> True</field>
            <field name="min_limit">13577</field>
            <field name="max_limit">13577</field>
        </record>
       <record id="degree_1305" model="hr.payroll.structure">
            <field name="code">1305</field>
            <field name="name">العلاوة الخامسة</field>
            <field name="parent_id" ref="degree_13"/>
            <field name="is_bonus"> True</field>
            <field name="min_limit">14255</field>
            <field name="max_limit">14255</field>
        </record>
       <record id="degree_1306" model="hr.payroll.structure">
            <field name="code">1306</field>
            <field name="name">العلاوة السادسة</field>
            <field name="parent_id" ref="degree_13"/>
            <field name="is_bonus"> True</field>
            <field name="min_limit">14968</field>
            <field name="max_limit">14968</field>
        </record>
        <!-- الدرجة الرابعة عشر و علاواتها -->
        <record id="degree_14" model="hr.payroll.structure">
            <field name="code">14</field>
            <field name="name">الدرجة الرابعة عشر</field>
            <field name="parent_id" ref="structure_base"/>
            <field name="min_limit">10131</field>
            <field name="max_limit">12930</field>
        </record>
         <record id="degree_1401" model="hr.payroll.structure">
            <field name="code">1401</field>
            <field name="name">الفئة الإبتدائية</field>
            <field name="parent_id" ref="degree_14"/>
            <field name="is_bonus"> True</field>
            <field name="min_limit">10131</field>
            <field name="max_limit">10131</field>
        </record>
        <record id="degree_1402" model="hr.payroll.structure">
            <field name="code">1402</field>
            <field name="name">العلاوة الثانية</field>
            <field name="parent_id" ref="degree_14"/>
            <field name="is_bonus">True</field>
            <field name="min_limit">10638</field>
            <field name="max_limit">10638</field>
        </record>
        <record id="degree_1403" model="hr.payroll.structure">
            <field name="code">1403</field>
            <field name="name">العلاوة الثالثة</field>
            <field name="parent_id" ref="degree_14"/>
            <field name="is_bonus">True</field>
            <field name="min_limit">11169</field>
            <field name="max_limit">11169</field>
        </record>
        <record id="degree_1404" model="hr.payroll.structure">
            <field name="code">1404</field>
            <field name="name">العلاوة الرابعة</field>
            <field name="parent_id" ref="degree_14"/>
            <field name="is_bonus"> True</field>
            <field name="min_limit">11728</field>
            <field name="max_limit">11728</field>
        </record>
       <record id="degree_1405" model="hr.payroll.structure">
            <field name="code">1405</field>
            <field name="name">العلاوة الخامسة</field>
            <field name="parent_id" ref="degree_14"/>
            <field name="is_bonus"> True</field>
            <field name="min_limit">12314</field>
            <field name="max_limit">12314</field>
        </record>
       <record id="degree_1406" model="hr.payroll.structure">
            <field name="code">1406</field>
            <field name="name">العلاوة السادسة</field>
            <field name="parent_id" ref="degree_14"/>
            <field name="is_bonus"> True</field>
            <field name="min_limit">12930</field>
            <field name="max_limit">12930</field>
        </record>
        <!-- الدرجة الخامسة عشر و علاواتها -->
        <record id="degree_15" model="hr.payroll.structure">
            <field name="code">15</field>
            <field name="name">الدرجة الخامسة عشر</field>
            <field name="parent_id" ref="structure_base"/>
            <field name="min_limit">9649</field>
            <field name="max_limit">0</field>
        </record>
         <record id="degree_1501" model="hr.payroll.structure">
            <field name="code">1501</field>
            <field name="name">الفئة الإبتدائية</field>
            <field name="parent_id" ref="degree_15"/>
            <field name="is_bonus"> True</field>
            <field name="min_limit">9649</field>
            <field name="max_limit">9649</field>
        </record>
        <record id="degree_1502" model="hr.payroll.structure">
            <field name="code">1502</field>
            <field name="name">العلاوة الثانية</field>
            <field name="parent_id" ref="degree_15"/>
            <field name="is_bonus">True</field>
            <field name="min_limit">10131</field>
            <field name="max_limit">10131</field>
        </record>
        <record id="degree_1503" model="hr.payroll.structure">
            <field name="code">1503</field>
            <field name="name">العلاوة الثالثة</field>
            <field name="parent_id" ref="degree_15"/>
            <field name="is_bonus">True</field>
            <field name="min_limit">10638</field>
            <field name="max_limit">10638</field>
        </record>
        <record id="degree_1504" model="hr.payroll.structure">
            <field name="code">1504</field>
            <field name="name">العلاوة الرابعة</field>
            <field name="parent_id" ref="degree_15"/>
            <field name="is_bonus"> True</field>
            <field name="min_limit">11170</field>
            <field name="max_limit">11170</field>
        </record>
       <record id="degree_1505" model="hr.payroll.structure">
            <field name="code">1505</field>
            <field name="name">العلاوة الخامسة</field>
            <field name="parent_id" ref="degree_15"/>
            <field name="is_bonus"> True</field>
            <field name="min_limit">11728</field>
            <field name="max_limit">11728</field>
        </record>
       <record id="degree_1506" model="hr.payroll.structure">
            <field name="code">1506</field>
            <field name="name">العلاوة السادسة</field>
            <field name="parent_id" ref="degree_15"/>
            <field name="is_bonus"> True</field>
            <field name="min_limit">12315</field>
            <field name="max_limit">12315</field>
        </record>
        <!-- الدرجة السادسة عشر و علاواتها -->
        <record id="degree_16" model="hr.payroll.structure">
            <field name="code">16</field>
            <field name="name">الدرجة السادسة عشر</field>
            <field name="parent_id" ref="structure_base"/>
            <field name="min_limit">8335</field>
            <field name="max_limit">10638</field>
        </record>
         <record id="degree_1601" model="hr.payroll.structure">
            <field name="code">1601</field>
            <field name="name">الفئة الإبتدائية</field>
            <field name="parent_id" ref="degree_16"/>
            <field name="is_bonus"> True</field>
            <field name="min_limit">8335</field>
            <field name="max_limit">8335</field>
        </record>
        <record id="degree_1602" model="hr.payroll.structure">
            <field name="code">1602</field>
            <field name="name">العلاوة الثانية</field>
            <field name="parent_id" ref="degree_16"/>
            <field name="is_bonus">True</field>
            <field name="min_limit">8752</field>
            <field name="max_limit">8752</field>
        </record>
        <record id="degree_1603" model="hr.payroll.structure">
            <field name="code">1603</field>
            <field name="name">العلاوة الثالثة</field>
            <field name="parent_id" ref="degree_16"/>
            <field name="is_bonus">True</field>
            <field name="min_limit">9189</field>
            <field name="max_limit">9189</field>
        </record>
        <record id="degree_1604" model="hr.payroll.structure">
            <field name="code">1604</field>
            <field name="name">العلاوة الرابعة</field>
            <field name="parent_id" ref="degree_16"/>
            <field name="is_bonus"> True</field>
            <field name="min_limit">9649</field>
            <field name="max_limit">9649</field>
        </record>
       <record id="degree_1605" model="hr.payroll.structure">
            <field name="code">1605</field>
            <field name="name">العلاوة الخامسة</field>
            <field name="parent_id" ref="degree_16"/>
            <field name="is_bonus"> True</field>
            <field name="min_limit">10131</field>
            <field name="max_limit">10131</field>
        </record>
       <record id="degree_1606" model="hr.payroll.structure">
            <field name="code">1606</field>
            <field name="name">العلاوة السادسة</field>
            <field name="parent_id" ref="degree_16"/>
            <field name="is_bonus"> True</field>
            <field name="min_limit">10638</field>
            <field name="max_limit">10638</field>
        </record>
        <!-- الدرجة السابعة عشر و علاواتها -->
        <record id="degree_17" model="hr.payroll.structure">
            <field name="code">17</field>
            <field name="name">الدرجة السابعة عشر</field>
            <field name="parent_id" ref="structure_base"/>
            <field name="min_limit">7200</field>
            <field name="max_limit">8752</field>
        </record>
         <record id="degree_1701" model="hr.payroll.structure">
            <field name="code">1701</field>
            <field name="name">الفئة الإبتدائية</field>
            <field name="parent_id" ref="degree_17"/>
            <field name="is_bonus"> True</field>
            <field name="min_limit">7200</field>
            <field name="max_limit">7200</field>
        </record>
        <record id="degree_1702" model="hr.payroll.structure">
            <field name="code">1702</field>
            <field name="name">العلاوة الثانية</field>
            <field name="parent_id" ref="degree_17"/>
            <field name="is_bonus">True</field>
            <field name="min_limit">7560</field>
            <field name="max_limit">7560</field>
        </record>
        <record id="degree_1703" model="hr.payroll.structure">
            <field name="code">1703</field>
            <field name="name">العلاوة الثالثة</field>
            <field name="parent_id" ref="degree_17"/>
            <field name="is_bonus">True</field>
            <field name="min_limit">7938</field>
            <field name="max_limit">7938</field>
        </record>
        <record id="degree_1704" model="hr.payroll.structure">
            <field name="code">1704</field>
            <field name="name">العلاوة الرابعة</field>
            <field name="parent_id" ref="degree_17"/>
            <field name="is_bonus"> True</field>
            <field name="min_limit">8335</field>
            <field name="max_limit">8335</field>
        </record>
       <record id="degree_1705" model="hr.payroll.structure">
            <field name="code">1705</field>
            <field name="name">العلاوة الخامسة</field>
            <field name="parent_id" ref="degree_17"/>
            <field name="is_bonus"> True</field>
            <field name="min_limit">8752</field>
            <field name="max_limit">8752</field>
        </record>
       
    </data>
</odoo>
