<?xml version="1.0" encoding="utf-8"?>
<odoo>

    <record id="base.module_category_human_resources_overtime" model="ir.module.category">
        <field name="name">Overtime</field>
        <field name="sequence">10</field>
    </record>


    <record id="group_overtime_configuration" model="res.groups">
        <field name="name">Overtime - Configuration</field>
        <field name="category_id" ref="base.module_category_human_resources_overtime"/>
    </record>
    <record id="group_hr_overtime_readonly" model="res.groups">
        <field name="name">Overtime - Readonly</field>
        <field name="category_id" ref="base.module_category_human_resources_overtime"/>
        <field name="implied_ids" eval="[(4, ref('base.group_user'))]"/>
    </record>
    <record id="group_hr_report" model="res.groups">
        <field name="name">Overtime - Reports</field>
        <field name="category_id" ref="base.module_category_human_resources_overtime"/>
        <field name="implied_ids" eval="[(4, ref('hr_overtime.group_hr_overtime_readonly'))]"/>
    </record>
    <record id="group_overtime_request" model="res.groups">
        <field name="name">Overtime -Request</field>
        <field name="category_id" ref="base.module_category_human_resources_overtime"/>
        <field name="implied_ids" eval="[(4, ref('base.group_user'))]"/>
    </record>
    <record id="group_overtime_confirm" model="res.groups">
        <field name="name">Overtime - Confirm</field>
        <field name="category_id" ref="base.module_category_human_resources_overtime"/>
        <field name="implied_ids" eval="[(4, ref('base.group_user'))]"/>
    </record>
    <record id="group_overtime_validate" model="res.groups">
        <field name="name">Overtime - Validate</field>
        <field name="category_id" ref="base.module_category_human_resources_overtime"/>
        <field name="implied_ids" eval="[(4, ref('hr_overtime.group_hr_overtime_readonly'))]"/>
    </record>
    <record id="group_overtime_approve" model="res.groups">
        <field name="name">Overtime - Approve</field>
        <field name="category_id" ref="base.module_category_human_resources_overtime"/>
        <field name="implied_ids" eval="[(4, ref('hr_overtime.group_hr_overtime_readonly'))]"/>
    </record>
    
    <data noupdate="1">
    
    <record id="hr_overtime_comp_rule" model="ir.rule">
        <field name="name">Hr Overtime multi-company</field>
        <field name="model_id" ref="model_hr_overtime"/>
        <field eval="True" name="global"/>
        <field name="domain_force">['|',('company_id','=',False),('company_id','child_of',[user.company_id.id])]</field>
    </record>
    
    <record id="ir_rule_hr_overtime_manager" model="ir.rule">
        <field name="name">HR Overtime: Department Request</field>
        <field name="model_id" ref="model_hr_overtime"/>
        <field name="groups" eval="[(4, ref('hr_overtime.group_overtime_request')),(4, ref('hr_overtime.group_overtime_confirm'))]"/>
        <field name="domain_force">[('department_id', 'child_of', [user.department_id.id])]</field>
    </record>
    
    <record id="ir_rule_hr_mission_all" model="ir.rule">
        <field name="name">HR Overtime: All Requests</field>
        <field name="model_id" ref="model_hr_overtime"/>
        <field name="groups" eval="[(4, ref('hr_overtime.group_hr_overtime_readonly'))]"/>
        <field name="domain_force">[(1, '=', 1)]</field>
    </record>
   </data> 

</odoo>
