id,name,model_id:id,group_id:id,perm_read,perm_write,perm_create,perm_unlink
access_hr_overtime_type_overtime_config,access_hr_overtime_type_overtime_config,model_hr_overtime_type,group_overtime_configuration,1,1,1,1
access_hr_overtime_type_overtime_readonly,access_hr_overtime_type_overtime_readonly,model_hr_overtime_type,hr_overtime.group_hr_overtime_readonly,1,0,0,0
access_hr_overtime_type_overtime_request,access_hr_overtime_type_overtime_request,model_hr_overtime_type,hr_overtime.group_overtime_request,1,0,0,0
access_hr_overtime_type_overtime_confirm,access_hr_overtime_type_overtime_confirm,model_hr_overtime_type,hr_overtime.group_overtime_confirm,1,0,0,0
,,,,,,,
access_hr_overtime_overtime_readonly,access_hr_overtime_overtime_readonly,model_hr_overtime,hr_overtime.group_hr_overtime_readonly,1,0,0,0
access_hr_overtime_overtime_request,access_hr_overtime_overtime_request,model_hr_overtime,hr_overtime.group_overtime_request,1,1,1,1
access_hr_overtime_overtime_confirm,access_hr_overtime_overtime_confirm,model_hr_overtime,hr_overtime.group_overtime_confirm,1,1,1,1
access_hr_overtime_overtime_validate,access_hr_overtime_overtime_validate,model_hr_overtime,hr_overtime.group_overtime_validate,1,1,1,1
access_hr_overtime_overtime_approve,access_hr_overtime_overtime_approve,model_hr_overtime,hr_overtime.group_overtime_approve,1,1,1,1
,,,,,,,
access_hr_overtime_employee_overtime_readonly,access_hr_overtime_employee_overtime_readonly,model_hr_overtime_employee,hr_overtime.group_hr_overtime_readonly,1,0,0,0
access_hr_overtime_employee_overtime_request,access_hr_overtime_employee_overtime_request,model_hr_overtime_employee,hr_overtime.group_overtime_request,1,1,1,1
access_hr_overtime_employee_overtime_confirm,access_hr_overtime_employee_overtime_confirm,model_hr_overtime_employee,hr_overtime.group_overtime_confirm,1,1,1,1
access_hr_overtime_employee_overtime_validate,access_hr_overtime_employee_overtime_validate,model_hr_overtime_employee,hr_overtime.group_overtime_validate,1,1,1,1
access_hr_overtime_employee_overtime_approve,access_hr_overtime_employee_overtime_approve,model_hr_overtime_employee,hr_overtime.group_overtime_approve,1,1,1,1
,,,,,,,
access_hr_overtime_service_overtime_readonly,access_hr_overtime_service_overtime_readonly,model_hr_overtime_service,hr_overtime.group_hr_overtime_readonly,1,0,0,0
access_hr_overtime_service_overtime_request,access_hr_overtime_service_overtime_request,model_hr_overtime_service,hr_overtime.group_overtime_request,1,1,1,1
access_hr_overtime_service_overtime_confirm,access_hr_overtime_service_overtime_confirm,model_hr_overtime_service,hr_overtime.group_overtime_confirm,1,1,1,1
access_hr_overtime_service_overtime_validate,access_hr_overtime_service_overtime_validate,model_hr_overtime_service,hr_overtime.group_overtime_validate,1,1,1,1
access_hr_overtime_service_overtime_approve,access_hr_overtime_service_overtime_approve,model_hr_overtime_service,hr_overtime.group_overtime_approve,1,1,1,1









